filename,width,height,label,xmin,ymin,xmax,ymax
/Users/SalehPC/Desktop/Challenge Track 2_ Pothole severity classification via computer vision/png/Scene 1/1-173/0003.png,1920,1080,Moderate Pothole,604,423,802,553
/Users/SalehPC/Desktop/Challenge Track 2_ Pothole severity classification via computer vision/png/Scene 1/1-173/0004.png,1920,1080,Moderate Pothole,511,442,755,617
/Users/SalehPC/Desktop/Challenge Track 2_ Pothole severity classification via computer vision/png/Scene 1/1-173/0005.png,1920,1080,Moderate Pothole,453,476,721,703
/Users/SalehPC/Desktop/Challenge Track 2_ Pothole severity classification via computer vision/png/Scene 1/1-173/0006.png,1920,1080,Moderate Pothole,183,501,664,781
/Users/SalehPC/Desktop/Challenge Track 2_ Pothole severity classification via computer vision/png/Scene 1/1-173/0007.png,1920,1080,Moderate Pothole,90,511,620,885
/Users/SalehPC/Desktop/Challenge Track 2_ Pothole severity classification via computer vision/png/Scene 1/1-173/0008.png,1920,1080,Moderate Pothole,1283,572,1396,624
/Users/SalehPC/Desktop/Challenge Track 2_ Pothole severity classification via computer vision/png/Scene 1/1-173/0008.png,1920,1080,Moderate Pothole,35,649,395,958
/Users/SalehPC/Desktop/Challenge Track 2_ Pothole severity classification via computer vision/png/Scene 1/1-173/0009.png,1920,1080,Moderate Pothole,1414,650,1528,724
/Users/SalehPC/Desktop/Challenge Track 2_ Pothole severity classification via computer vision/png/Scene 1/1-173/0010.png,1920,1080,Moderate Pothole,1012,568,1092,606
/Users/SalehPC/Desktop/Challenge Track 2_ Pothole severity classification via computer vision/png/Scene 1/1-173/0010.png,1920,1080,Moderate Pothole,1518,761,1784,909
/Users/SalehPC/Desktop/Challenge Track 2_ Pothole severity classification via computer vision/png/Scene 1/1-173/0011.png,1920,1080,Severe Pothole,402,424,823,566
/Users/SalehPC/Desktop/Challenge Track 2_ Pothole severity classification via computer vision/png/Scene 1/1-173/0011.png,1920,1080,Severe Pothole,640,505,749,526
/Users/SalehPC/Desktop/Challenge Track 2_ Pothole severity classification via computer vision/png/Scene 1/1-173/0011.png,1920,1080,Severe Pothole,904,515,1123,559
/Users/SalehPC/Desktop/Challenge Track 2_ Pothole severity classification via computer vision/png/Scene 1/1-173/0011.png,1920,1080,Severe Pothole,859,430,1099,509
/Users/SalehPC/Desktop/Challenge Track 2_ Pothole severity classification via computer vision/png/Scene 1/1-173/0011.png,1920,1080,Severe Pothole,1392,520,1575,575
/Users/SalehPC/Desktop/Challenge Track 2_ Pothole severity classification via computer vision/png/Scene 1/1-173/0011.png,1920,1080,Severe Pothole,1275,502,1369,552
/Users/SalehPC/Desktop/Challenge Track 2_ Pothole severity classification via computer vision/png/Scene 1/1-173/0011.png,1920,1080,Moderate Pothole,1008,632,1125,730
/Users/SalehPC/Desktop/Challenge Track 2_ Pothole severity classification via computer vision/png/Scene 1/1-173/0012.png,1920,1080,Severe Pothole,295,451,681,674
/Users/SalehPC/Desktop/Challenge Track 2_ Pothole severity classification via computer vision/png/Scene 1/1-173/0012.png,1920,1080,Severe Pothole,573,549,800,627
/Users/SalehPC/Desktop/Challenge Track 2_ Pothole severity classification via computer vision/png/Scene 1/1-173/0012.png,1920,1080,Severe Pothole,883,566,1169,633
/Users/SalehPC/Desktop/Challenge Track 2_ Pothole severity classification via computer vision/png/Scene 1/1-173/0012.png,1920,1080,Severe Pothole,832,470,1161,557
/Users/SalehPC/Desktop/Challenge Track 2_ Pothole severity classification via computer vision/png/Scene 1/1-173/0012.png,1920,1080,Severe Pothole,1499,572,1703,640
/Users/SalehPC/Desktop/Challenge Track 2_ Pothole severity classification via computer vision/png/Scene 1/1-173/0012.png,1920,1080,Moderate Pothole,1349,553,1480,621
/Users/SalehPC/Desktop/Challenge Track 2_ Pothole severity classification via computer vision/png/Scene 1/1-173/0012.png,1920,1080,Moderate Pothole,1066,772,1339,981
/Users/SalehPC/Desktop/Challenge Track 2_ Pothole severity classification via computer vision/png/Scene 1/1-173/0013.png,1920,1080,Severe Pothole,10,479,682,733
/Users/SalehPC/Desktop/Challenge Track 2_ Pothole severity classification via computer vision/png/Scene 1/1-173/0013.png,1920,1080,Severe Pothole,405,626,826,769
/Users/SalehPC/Desktop/Challenge Track 2_ Pothole severity classification via computer vision/png/Scene 1/1-173/0013.png,1920,1080,Severe Pothole,842,494,1249,624
/Users/SalehPC/Desktop/Challenge Track 2_ Pothole severity classification via computer vision/png/Scene 1/1-173/0013.png,1920,1080,Moderate Pothole,1464,590,1919,775
/Users/SalehPC/Desktop/Challenge Track 2_ Pothole severity classification via computer vision/png/Scene 1/1-173/0013.png,1920,1080,Severe Pothole,925,667,1212,740
/Users/SalehPC/Desktop/Challenge Track 2_ Pothole severity classification via computer vision/png/Scene 1/1-173/0014.png,1920,1080,Severe Pothole,196,742,645,1036
/Users/SalehPC/Desktop/Challenge Track 2_ Pothole severity classification via computer vision/png/Scene 1/1-173/0014.png,1920,1080,Moderate Pothole,1722,733,1915,924
/Users/SalehPC/Desktop/Challenge Track 2_ Pothole severity classification via computer vision/png/Scene 1/1-173/0014.png,1920,1080,Severe Pothole,821,533,1331,735
/Users/SalehPC/Desktop/Challenge Track 2_ Pothole severity classification via computer vision/png/Scene 1/1-173/0014.png,1920,1080,Severe Pothole,855,813,1353,992
/Users/SalehPC/Desktop/Challenge Track 2_ Pothole severity classification via computer vision/png/Scene 1/1-173/0015.png,1920,1080,Severe Pothole,52,574,533,911
/Users/SalehPC/Desktop/Challenge Track 2_ Pothole severity classification via computer vision/png/Scene 1/1-173/0015.png,1920,1080,Severe Pothole,18,874,203,1055
/Users/SalehPC/Desktop/Challenge Track 2_ Pothole severity classification via computer vision/png/Scene 1/1-173/0015.png,1920,1080,Severe Pothole,766,620,1420,862
/Users/SalehPC/Desktop/Challenge Track 2_ Pothole severity classification via computer vision/png/Scene 1/1-173/0016.png,1920,1080,Moderate Pothole,125,491,527,820
/Users/SalehPC/Desktop/Challenge Track 2_ Pothole severity classification via computer vision/png/Scene 1/1-173/0016.png,1920,1080,Severe Pothole,608,722,1590,1079
/Users/SalehPC/Desktop/Challenge Track 2_ Pothole severity classification via computer vision/png/Scene 1/1-173/0017.png,1920,1080,Minor Pothole,1040,882,1379,1055
/Users/SalehPC/Desktop/Challenge Track 2_ Pothole severity classification via computer vision/png/Scene 1/1-173/0017.png,1920,1080,Minor Pothole,120,523,454,735
/Users/SalehPC/Desktop/Challenge Track 2_ Pothole severity classification via computer vision/png/Scene 1/1-173/0018.png,1920,1080,Minor Pothole,21,618,276,953
/Users/SalehPC/Desktop/Challenge Track 2_ Pothole severity classification via computer vision/png/Scene 1/1-173/0020.png,1920,1080,Minor Pothole,1466,535,1624,631
/Users/SalehPC/Desktop/Challenge Track 2_ Pothole severity classification via computer vision/png/Scene 1/1-173/0021.png,1920,1080,Minor Pothole,1594,590,1782,744
/Users/SalehPC/Desktop/Challenge Track 2_ Pothole severity classification via computer vision/png/Scene 1/1-173/0029.png,1920,1080,Moderate Pothole,662,430,719,505
/Users/SalehPC/Desktop/Challenge Track 2_ Pothole severity classification via computer vision/png/Scene 1/1-173/0029.png,1920,1080,Moderate Pothole,481,464,642,567
/Users/SalehPC/Desktop/Challenge Track 2_ Pothole severity classification via computer vision/png/Scene 1/1-173/0031.png,1920,1080,Moderate Pothole,524,490,634,557
/Users/SalehPC/Desktop/Challenge Track 2_ Pothole severity classification via computer vision/png/Scene 1/1-173/0031.png,1920,1080,Moderate Pothole,192,520,478,601
/Users/SalehPC/Desktop/Challenge Track 2_ Pothole severity classification via computer vision/png/Scene 1/1-173/0032.png,1920,1080,Moderate Pothole,419,509,565,592
/Users/SalehPC/Desktop/Challenge Track 2_ Pothole severity classification via computer vision/png/Scene 1/1-173/0032.png,1920,1080,Moderate Pothole,20,555,397,702
/Users/SalehPC/Desktop/Challenge Track 2_ Pothole severity classification via computer vision/png/Scene 1/1-173/0033.png,1920,1080,Moderate Pothole,11,637,186,771
/Users/SalehPC/Desktop/Challenge Track 2_ Pothole severity classification via computer vision/png/Scene 1/1-173/0033.png,1920,1080,Moderate Pothole,251,585,483,686
/Users/SalehPC/Desktop/Challenge Track 2_ Pothole severity classification via computer vision/png/Scene 1/1-173/0034.png,1920,1080,Moderate Pothole,109,638,384,750
/Users/SalehPC/Desktop/Challenge Track 2_ Pothole severity classification via computer vision/png/Scene 1/1-173/0035.png,1920,1080,Minor Pothole,669,525,802,595
/Users/SalehPC/Desktop/Challenge Track 2_ Pothole severity classification via computer vision/png/Scene 1/1-173/0035.png,1920,1080,Moderate Pothole,860,473,1055,554
/Users/SalehPC/Desktop/Challenge Track 2_ Pothole severity classification via computer vision/png/Scene 1/1-173/0036.png,1920,1080,Minor Pothole,547,581,769,687
/Users/SalehPC/Desktop/Challenge Track 2_ Pothole severity classification via computer vision/png/Scene 1/1-173/0036.png,1920,1080,Moderate Pothole,827,478,1123,579
/Users/SalehPC/Desktop/Challenge Track 2_ Pothole severity classification via computer vision/png/Scene 1/1-173/0037.png,1920,1080,Minor Pothole,433,635,710,737
/Users/SalehPC/Desktop/Challenge Track 2_ Pothole severity classification via computer vision/png/Scene 1/1-173/0037.png,1920,1080,Moderate Pothole,793,486,1132,615
/Users/SalehPC/Desktop/Challenge Track 2_ Pothole severity classification via computer vision/png/Scene 1/1-173/0038.png,1920,1080,Moderate Pothole,820,536,1181,710
/Users/SalehPC/Desktop/Challenge Track 2_ Pothole severity classification via computer vision/png/Scene 1/1-173/0038.png,1920,1080,Minor Pothole,363,758,647,900
/Users/SalehPC/Desktop/Challenge Track 2_ Pothole severity classification via computer vision/png/Scene 1/1-173/0039.png,1920,1080,Minor Pothole,180,933,513,1050
/Users/SalehPC/Desktop/Challenge Track 2_ Pothole severity classification via computer vision/png/Scene 1/1-173/0039.png,1920,1080,Moderate Pothole,749,562,1157,743
/Users/SalehPC/Desktop/Challenge Track 2_ Pothole severity classification via computer vision/png/Scene 1/1-173/0040.png,1920,1080,Moderate Pothole,707,662,1248,927
/Users/SalehPC/Desktop/Challenge Track 2_ Pothole severity classification via computer vision/png/Scene 1/1-173/0041.png,1920,1080,Minor Pothole,332,551,518,605
/Users/SalehPC/Desktop/Challenge Track 2_ Pothole severity classification via computer vision/png/Scene 1/1-173/0041.png,1920,1080,Moderate Pothole,604,741,1317,1037
/Users/SalehPC/Desktop/Challenge Track 2_ Pothole severity classification via computer vision/png/Scene 1/1-173/0042.png,1920,1080,Minor Pothole,217,611,379,694
/Users/SalehPC/Desktop/Challenge Track 2_ Pothole severity classification via computer vision/png/Scene 1/1-173/0042.png,1920,1080,Moderate Pothole,1132,920,1376,1072
/Users/SalehPC/Desktop/Challenge Track 2_ Pothole severity classification via computer vision/png/Scene 1/1-173/0043.png,1920,1080,Minor Pothole,913,603,1059,653
/Users/SalehPC/Desktop/Challenge Track 2_ Pothole severity classification via computer vision/png/Scene 1/1-173/0043.png,1920,1080,Minor Pothole,2,693,278,822
/Users/SalehPC/Desktop/Challenge Track 2_ Pothole severity classification via computer vision/png/Scene 1/1-173/0044.png,1920,1080,Minor Pothole,893,605,1179,855
/Users/SalehPC/Desktop/Challenge Track 2_ Pothole severity classification via computer vision/png/Scene 1/1-173/0045.png,1920,1080,Minor Pothole,884,744,1052,870
/Users/SalehPC/Desktop/Challenge Track 2_ Pothole severity classification via computer vision/png/Scene 1/1-173/0046.png,1920,1080,Minor Pothole,821,959,1150,1078
/Users/SalehPC/Desktop/Challenge Track 2_ Pothole severity classification via computer vision/png/Scene 1/1-173/0049.png,1920,1080,Minor Pothole,787,578,1040,701
/Users/SalehPC/Desktop/Challenge Track 2_ Pothole severity classification via computer vision/png/Scene 1/1-173/0051.png,1920,1080,Minor Pothole,646,656,1083,1001
/Users/SalehPC/Desktop/Challenge Track 2_ Pothole severity classification via computer vision/png/Scene 1/1-173/0052.png,1920,1080,Minor Pothole,931,516,1029,649
/Users/SalehPC/Desktop/Challenge Track 2_ Pothole severity classification via computer vision/png/Scene 1/1-173/0052.png,1920,1080,Minor Pothole,568,830,1077,1073
/Users/SalehPC/Desktop/Challenge Track 2_ Pothole severity classification via computer vision/png/Scene 1/1-173/0054.png,1920,1080,Minor Pothole,922,594,1111,700
/Users/SalehPC/Desktop/Challenge Track 2_ Pothole severity classification via computer vision/png/Scene 1/1-173/0055.png,1920,1080,Minor Pothole,904,701,1122,819
/Users/SalehPC/Desktop/Challenge Track 2_ Pothole severity classification via computer vision/png/Scene 1/1-173/0056.png,1920,1080,Minor Pothole,907,812,1281,1079
/Users/SalehPC/Desktop/Challenge Track 2_ Pothole severity classification via computer vision/png/Scene 1/1-173/0071.png,1920,1080,Minor Pothole,432,503,1447,617
/Users/SalehPC/Desktop/Challenge Track 2_ Pothole severity classification via computer vision/png/Scene 1/1-173/0072.png,1920,1080,Minor Pothole,363,527,1556,724
/Users/SalehPC/Desktop/Challenge Track 2_ Pothole severity classification via computer vision/png/Scene 1/1-173/0073.png,1920,1080,Minor Pothole,278,568,1514,793
/Users/SalehPC/Desktop/Challenge Track 2_ Pothole severity classification via computer vision/png/Scene 1/1-173/0074.png,1920,1080,Minor Pothole,206,660,1896,913
/Users/SalehPC/Desktop/Challenge Track 2_ Pothole severity classification via computer vision/png/Scene 1/1-173/0075.png,1920,1080,Minor Pothole,26,772,1526,1079
/Users/SalehPC/Desktop/Challenge Track 2_ Pothole severity classification via computer vision/png/Scene 1/1-173/0079.png,1920,1080,Minor Pothole,300,495,489,572
/Users/SalehPC/Desktop/Challenge Track 2_ Pothole severity classification via computer vision/png/Scene 1/1-173/0079.png,1920,1080,Minor Pothole,84,540,379,677
/Users/SalehPC/Desktop/Challenge Track 2_ Pothole severity classification via computer vision/png/Scene 1/1-173/0080.png,1920,1080,Moderate Pothole,428,752,571,835
/Users/SalehPC/Desktop/Challenge Track 2_ Pothole severity classification via computer vision/png/Scene 1/1-173/0080.png,1920,1080,Minor Pothole,176,531,363,627
/Users/SalehPC/Desktop/Challenge Track 2_ Pothole severity classification via computer vision/png/Scene 1/1-173/0081.png,1920,1080,Moderate Pothole,18,582,278,727
/Users/SalehPC/Desktop/Challenge Track 2_ Pothole severity classification via computer vision/png/Scene 1/1-173/0081.png,1920,1080,Moderate Pothole,170,942,380,1059
/Users/SalehPC/Desktop/Challenge Track 2_ Pothole severity classification via computer vision/png/Scene 1/1-173/0082.png,1920,1080,Moderate Pothole,4,493,253,601
/Users/SalehPC/Desktop/Challenge Track 2_ Pothole severity classification via computer vision/png/Scene 1/1-173/0082.png,1920,1080,Moderate Pothole,608,471,770,538
/Users/SalehPC/Desktop/Challenge Track 2_ Pothole severity classification via computer vision/png/Scene 1/1-173/0082.png,1920,1080,Moderate Pothole,336,578,541,657
/Users/SalehPC/Desktop/Challenge Track 2_ Pothole severity classification via computer vision/png/Scene 1/1-173/0083.png,1920,1080,Moderate Pothole,536,472,767,561
/Users/SalehPC/Desktop/Challenge Track 2_ Pothole severity classification via computer vision/png/Scene 1/1-173/0083.png,1920,1080,Minor Pothole,225,621,472,805
/Users/SalehPC/Desktop/Challenge Track 2_ Pothole severity classification via computer vision/png/Scene 1/1-173/0085.png,1920,1080,Moderate Pothole,384,565,658,634
/Users/SalehPC/Desktop/Challenge Track 2_ Pothole severity classification via computer vision/png/Scene 1/1-173/0086.png,1920,1080,Moderate Pothole,227,434,589,580
/Users/SalehPC/Desktop/Challenge Track 2_ Pothole severity classification via computer vision/png/Scene 1/1-173/0086.png,1920,1080,Moderate Pothole,263,622,585,774
/Users/SalehPC/Desktop/Challenge Track 2_ Pothole severity classification via computer vision/png/Scene 1/1-173/0087.png,1920,1080,Moderate Pothole,30,436,648,650
/Users/SalehPC/Desktop/Challenge Track 2_ Pothole severity classification via computer vision/png/Scene 1/1-173/0087.png,1920,1080,Moderate Pothole,40,680,404,902
/Users/SalehPC/Desktop/Challenge Track 2_ Pothole severity classification via computer vision/png/Scene 1/1-173/0088.png,1920,1080,Moderate Pothole,18,414,734,688
/Users/SalehPC/Desktop/Challenge Track 2_ Pothole severity classification via computer vision/png/Scene 1/1-173/0088.png,1920,1080,Moderate Pothole,33,759,305,1032
/Users/SalehPC/Desktop/Challenge Track 2_ Pothole severity classification via computer vision/png/Scene 1/1-173/0089.png,1920,1080,Moderate Pothole,14,476,625,738
/Users/SalehPC/Desktop/Challenge Track 2_ Pothole severity classification via computer vision/png/Scene 1/1-173/0090.png,1920,1080,Moderate Pothole,59,567,570,848
/Users/SalehPC/Desktop/Challenge Track 2_ Pothole severity classification via computer vision/png/Scene 1/1-173/0091.png,1920,1080,Moderate Pothole,81,779,468,1031
/Users/SalehPC/Desktop/Challenge Track 2_ Pothole severity classification via computer vision/png/Scene 1/1-173/0097.png,1920,1080,Minor Pothole,856,541,977,608
/Users/SalehPC/Desktop/Challenge Track 2_ Pothole severity classification via computer vision/png/Scene 1/1-173/0098.png,1920,1080,Moderate Pothole,1151,509,1366,608
/Users/SalehPC/Desktop/Challenge Track 2_ Pothole severity classification via computer vision/png/Scene 1/1-173/0098.png,1920,1080,Minor Pothole,817,562,1013,630
/Users/SalehPC/Desktop/Challenge Track 2_ Pothole severity classification via computer vision/png/Scene 1/1-173/0100.png,1920,1080,Moderate Pothole,1163,582,1538,730
/Users/SalehPC/Desktop/Challenge Track 2_ Pothole severity classification via computer vision/png/Scene 1/1-173/0100.png,1920,1080,Minor Pothole,724,646,997,909
/Users/SalehPC/Desktop/Challenge Track 2_ Pothole severity classification via computer vision/png/Scene 1/1-173/0101.png,1920,1080,Minor Pothole,639,837,1004,997
/Users/SalehPC/Desktop/Challenge Track 2_ Pothole severity classification via computer vision/png/Scene 1/1-173/0101.png,1920,1080,Moderate Pothole,1279,693,1796,944
/Users/SalehPC/Desktop/Challenge Track 2_ Pothole severity classification via computer vision/png/Scene 1/1-173/0102.png,1920,1080,Severe Pothole,337,441,681,529
/Users/SalehPC/Desktop/Challenge Track 2_ Pothole severity classification via computer vision/png/Scene 1/1-173/0103.png,1920,1080,Severe Pothole,267,445,644,574
/Users/SalehPC/Desktop/Challenge Track 2_ Pothole severity classification via computer vision/png/Scene 1/1-173/0104.png,1920,1080,Severe Pothole,163,439,606,574
/Users/SalehPC/Desktop/Challenge Track 2_ Pothole severity classification via computer vision/png/Scene 1/1-173/0105.png,1920,1080,Severe Pothole,4,453,598,619
/Users/SalehPC/Desktop/Challenge Track 2_ Pothole severity classification via computer vision/png/Scene 1/1-173/0106.png,1920,1080,Severe Pothole,110,477,504,643
/Users/SalehPC/Desktop/Challenge Track 2_ Pothole severity classification via computer vision/png/Scene 1/1-173/0122.png,1920,1080,Moderate Pothole,807,409,1280,717
/Users/SalehPC/Desktop/Challenge Track 2_ Pothole severity classification via computer vision/png/Scene 1/1-173/0122.png,1920,1080,Moderate Pothole,236,423,669,661
/Users/SalehPC/Desktop/Challenge Track 2_ Pothole severity classification via computer vision/png/Scene 1/1-173/0123.png,1920,1080,Moderate Pothole,88,473,647,713
/Users/SalehPC/Desktop/Challenge Track 2_ Pothole severity classification via computer vision/png/Scene 1/1-173/0123.png,1920,1080,Moderate Pothole,770,424,1164,729
/Users/SalehPC/Desktop/Challenge Track 2_ Pothole severity classification via computer vision/png/Scene 1/1-173/0124.png,1920,1080,Moderate Pothole,771,455,1346,896
/Users/SalehPC/Desktop/Challenge Track 2_ Pothole severity classification via computer vision/png/Scene 1/1-173/0124.png,1920,1080,Moderate Pothole,33,492,593,782
/Users/SalehPC/Desktop/Challenge Track 2_ Pothole severity classification via computer vision/png/Scene 1/1-173/0125.png,1920,1080,Moderate Pothole,792,485,1303,617
/Users/SalehPC/Desktop/Challenge Track 2_ Pothole severity classification via computer vision/png/Scene 1/1-173/0125.png,1920,1080,Moderate Pothole,32,487,368,717
/Users/SalehPC/Desktop/Challenge Track 2_ Pothole severity classification via computer vision/png/Scene 1/1-173/0125.png,1920,1080,Moderate Pothole,820,693,1456,1032
/Users/SalehPC/Desktop/Challenge Track 2_ Pothole severity classification via computer vision/png/Scene 1/1-173/0125.png,1920,1080,Moderate Pothole,0,0,1919,1079
/Users/SalehPC/Desktop/Challenge Track 2_ Pothole severity classification via computer vision/png/Scene 1/1-173/0126.png,1920,1080,Moderate Pothole,5,524,390,841
/Users/SalehPC/Desktop/Challenge Track 2_ Pothole severity classification via computer vision/png/Scene 1/1-173/0126.png,1920,1080,Moderate Pothole,793,778,1397,1079
/Users/SalehPC/Desktop/Challenge Track 2_ Pothole severity classification via computer vision/png/Scene 1/1-173/0126.png,1920,1080,Moderate Pothole,752,478,1163,636
/Users/SalehPC/Desktop/Challenge Track 2_ Pothole severity classification via computer vision/png/Scene 1/1-173/0127.png,1920,1080,Moderate Pothole,728,509,1298,822
/Users/SalehPC/Desktop/Challenge Track 2_ Pothole severity classification via computer vision/png/Scene 1/1-173/0128.png,1920,1080,Moderate Pothole,706,544,1396,799
/Users/SalehPC/Desktop/Challenge Track 2_ Pothole severity classification via computer vision/png/Scene 1/1-173/0129.png,1920,1080,Moderate Pothole,663,565,1319,926
/Users/SalehPC/Desktop/Challenge Track 2_ Pothole severity classification via computer vision/png/Scene 1/1-173/0130.png,1920,1080,Moderate Pothole,597,609,1206,1051
/Users/SalehPC/Desktop/Challenge Track 2_ Pothole severity classification via computer vision/png/Scene 1/1-173/0131.png,1920,1080,Moderate Pothole,464,639,1128,1037
/Users/SalehPC/Desktop/Challenge Track 2_ Pothole severity classification via computer vision/png/Scene 1/1-173/0132.png,1920,1080,Moderate Pothole,915,532,1391,733
/Users/SalehPC/Desktop/Challenge Track 2_ Pothole severity classification via computer vision/png/Scene 1/1-173/0132.png,1920,1080,Moderate Pothole,497,862,978,1079
/Users/SalehPC/Desktop/Challenge Track 2_ Pothole severity classification via computer vision/png/Scene 1/1-173/0133.png,1920,1080,Moderate Pothole,840,545,1163,703
/Users/SalehPC/Desktop/Challenge Track 2_ Pothole severity classification via computer vision/png/Scene 1/1-173/0134.png,1920,1080,Moderate Pothole,858,587,1511,847
/Users/SalehPC/Desktop/Challenge Track 2_ Pothole severity classification via computer vision/png/Scene 1/1-173/0135.png,1920,1080,Moderate Pothole,807,603,1454,997
/Users/SalehPC/Desktop/Challenge Track 2_ Pothole severity classification via computer vision/png/Scene 1/1-173/0136.png,1920,1080,Moderate Pothole,766,657,1313,960
/Users/SalehPC/Desktop/Challenge Track 2_ Pothole severity classification via computer vision/png/Scene 1/1-173/0137.png,1920,1080,Moderate Pothole,757,730,1362,1028
/Users/SalehPC/Desktop/Challenge Track 2_ Pothole severity classification via computer vision/png/Scene 1/1-173/0137.png,1920,1080,Minor Pothole,851,524,1190,684
/Users/SalehPC/Desktop/Challenge Track 2_ Pothole severity classification via computer vision/png/Scene 1/1-173/0138.png,1920,1080,Moderate Pothole,696,852,1324,1056
/Users/SalehPC/Desktop/Challenge Track 2_ Pothole severity classification via computer vision/png/Scene 1/1-173/0138.png,1920,1080,Minor Pothole,786,512,1361,809
/Users/SalehPC/Desktop/Challenge Track 2_ Pothole severity classification via computer vision/png/Scene 1/1-173/0139.png,1920,1080,Minor Pothole,820,578,1346,910
/Users/SalehPC/Desktop/Challenge Track 2_ Pothole severity classification via computer vision/png/Scene 1/1-173/0140.png,1920,1080,Minor Pothole,821,554,1267,947
/Users/SalehPC/Desktop/Challenge Track 2_ Pothole severity classification via computer vision/png/Scene 1/1-173/0141.png,1920,1080,Minor Pothole,807,612,1350,1030
/Users/SalehPC/Desktop/Challenge Track 2_ Pothole severity classification via computer vision/png/Scene 1/1-173/0142.png,1920,1080,Minor Pothole,799,631,1501,1063
/Users/SalehPC/Desktop/Challenge Track 2_ Pothole severity classification via computer vision/png/Scene 1/1-173/0143.png,1920,1080,Minor Pothole,715,649,1418,1045
/Users/SalehPC/Desktop/Challenge Track 2_ Pothole severity classification via computer vision/png/Scene 1/1-173/0144.png,1920,1080,Minor Pothole,753,736,1441,1032
/Users/SalehPC/Desktop/Challenge Track 2_ Pothole severity classification via computer vision/png/Scene 1/1-173/0146.png,1920,1080,Minor Pothole,1114,807,1557,1079
/Users/SalehPC/Desktop/Challenge Track 2_ Pothole severity classification via computer vision/png/Scene 1/1-173/0160.png,1920,1080,Minor Pothole,1495,516,1919,788
/Users/SalehPC/Desktop/Challenge Track 2_ Pothole severity classification via computer vision/png/Scene 1/1-173/0166.png,1920,1080,Minor Pothole,590,555,715,594
/Users/SalehPC/Desktop/Challenge Track 2_ Pothole severity classification via computer vision/png/Scene 1/1-173/0167.png,1920,1080,Severe Pothole,1396,427,1773,537
/Users/SalehPC/Desktop/Challenge Track 2_ Pothole severity classification via computer vision/png/Scene 1/1-173/0167.png,1920,1080,Minor Pothole,483,629,691,703
/Users/SalehPC/Desktop/Challenge Track 2_ Pothole severity classification via computer vision/png/Scene 1/1-173/0168.png,1920,1080,Severe Pothole,1518,499,1899,629
/Users/SalehPC/Desktop/Challenge Track 2_ Pothole severity classification via computer vision/png/Scene 1/1-173/0168.png,1920,1080,Minor Pothole,352,755,653,904
/Users/SalehPC/Desktop/Challenge Track 2_ Pothole severity classification via computer vision/png/Scene 1/1-173/0169.png,1920,1080,Severe Pothole,1606,524,1911,688
/Users/SalehPC/Desktop/Challenge Track 2_ Pothole severity classification via computer vision/png/Scene 1/1-173/0169.png,1920,1080,Minor Pothole,130,946,402,1079
/Users/SalehPC/Desktop/Challenge Track 2_ Pothole severity classification via computer vision/png/Scene 1/1-173/0170.png,1920,1080,Minor Pothole,181,471,569,621
/Users/SalehPC/Desktop/Challenge Track 2_ Pothole severity classification via computer vision/png/Scene 1/1-173/0170.png,1920,1080,Severe Pothole,1573,566,1914,742
/Users/SalehPC/Desktop/Challenge Track 2_ Pothole severity classification via computer vision/png/Scene 1/1-173/0171.png,1920,1080,Minor Pothole,172,492,567,632
/Users/SalehPC/Desktop/Challenge Track 2_ Pothole severity classification via computer vision/png/Scene 1/1-173/0172.png,1920,1080,Moderate Pothole,1375,438,1826,722
/Users/SalehPC/Desktop/Challenge Track 2_ Pothole severity classification via computer vision/png/Scene 1/1-173/0172.png,1920,1080,Moderate Pothole,545,436,680,501
/Users/SalehPC/Desktop/Challenge Track 2_ Pothole severity classification via computer vision/png/Scene 1/1-173/0172.png,1920,1080,Minor Pothole,36,535,464,686
/Users/SalehPC/Desktop/Challenge Track 2_ Pothole severity classification via computer vision/png/Scene 1/1-173/0173.png,1920,1080,Moderate Pothole,496,441,703,516
/Users/SalehPC/Desktop/Challenge Track 2_ Pothole severity classification via computer vision/png/Scene 1/1-173/0173.png,1920,1080,Minor Pothole,1444,506,1867,710
/Users/SalehPC/Desktop/Challenge Track 2_ Pothole severity classification via computer vision/png/Scene 1/1-173/0173.png,1920,1080,Minor Pothole,10,551,413,726
/Users/SalehPC/Desktop/Challenge Track 2_ Pothole severity classification via computer vision/png/Scene 1/1-173/0174.png,1920,1080,Moderate Pothole,432,446,630,549
/Users/SalehPC/Desktop/Challenge Track 2_ Pothole severity classification via computer vision/png/Scene 1/1-173/0175.png,1920,1080,Minor Pothole,328,442,548,567
/Users/SalehPC/Desktop/Challenge Track 2_ Pothole severity classification via computer vision/png/Scene 1/1-173/0176.png,1920,1080,Minor Pothole,291,497,484,591
/Users/SalehPC/Desktop/Challenge Track 2_ Pothole severity classification via computer vision/png/Scene 1/1-173/0177.png,1920,1080,Moderate Pothole,196,526,423,661
/Users/SalehPC/Desktop/Challenge Track 2_ Pothole severity classification via computer vision/png/Scene 1/1-173/0178.png,1920,1080,Moderate Pothole,2,556,327,737
/Users/SalehPC/Desktop/Challenge Track 2_ Pothole severity classification via computer vision/png/Scene 1/1-173/0179.png,1920,1080,Minor Pothole,1261,646,1508,815
/Users/SalehPC/Desktop/Challenge Track 2_ Pothole severity classification via computer vision/png/Scene 1/1-173/0179.png,1920,1080,Minor Pothole,1215,514,1456,635
/Users/SalehPC/Desktop/Challenge Track 2_ Pothole severity classification via computer vision/png/Scene 1/1-173/0179.png,1920,1080,Minor Pothole,1098,772,1225,856
/Users/SalehPC/Desktop/Challenge Track 2_ Pothole severity classification via computer vision/png/Scene 1/1-173/0179.png,1920,1080,Moderate Pothole,7,567,206,783
/Users/SalehPC/Desktop/Challenge Track 2_ Pothole severity classification via computer vision/png/Scene 1/1-173/0180.png,1920,1080,Minor Pothole,1488,735,1670,901
/Users/SalehPC/Desktop/Challenge Track 2_ Pothole severity classification via computer vision/png/Scene 1/1-173/0180.png,1920,1080,Minor Pothole,1327,519,1513,708
/Users/SalehPC/Desktop/Challenge Track 2_ Pothole severity classification via computer vision/png/Scene 1/1-173/0180.png,1920,1080,Minor Pothole,1059,847,1298,1028
/Users/SalehPC/Desktop/Challenge Track 2_ Pothole severity classification via computer vision/png/Scene 1/1-173/0181.png,1920,1080,Minor Pothole,1308,570,1562,753
/Users/SalehPC/Desktop/Challenge Track 2_ Pothole severity classification via computer vision/png/Scene 1/1-173/0184.png,1920,1080,Minor Pothole,921,589,1060,678
/Users/SalehPC/Desktop/Challenge Track 2_ Pothole severity classification via computer vision/png/Scene 1/1-173/0184.png,1920,1080,Minor Pothole,531,551,663,632
/Users/SalehPC/Desktop/Challenge Track 2_ Pothole severity classification via computer vision/png/Scene 1/1-173/0185.png,1920,1080,Minor Pothole,484,590,635,660
/Users/SalehPC/Desktop/Challenge Track 2_ Pothole severity classification via computer vision/png/Scene 1/1-173/0185.png,1920,1080,Minor Pothole,885,612,1126,737
/Users/SalehPC/Desktop/Challenge Track 2_ Pothole severity classification via computer vision/png/Scene 1/1-173/0186.png,1920,1080,Minor Pothole,1125,490,1539,718
/Users/SalehPC/Desktop/Challenge Track 2_ Pothole severity classification via computer vision/png/Scene 1/1-173/0186.png,1920,1080,Minor Pothole,457,630,577,687
/Users/SalehPC/Desktop/Challenge Track 2_ Pothole severity classification via computer vision/png/Scene 1/1-173/0186.png,1920,1080,Minor Pothole,862,629,1172,856
/Users/SalehPC/Desktop/Challenge Track 2_ Pothole severity classification via computer vision/png/Scene 1/1-173/0187.png,1920,1080,Minor Pothole,756,472,898,536
/Users/SalehPC/Desktop/Challenge Track 2_ Pothole severity classification via computer vision/png/Scene 1/1-173/0187.png,1920,1080,Minor Pothole,1154,484,1714,763
/Users/SalehPC/Desktop/Challenge Track 2_ Pothole severity classification via computer vision/png/Scene 1/1-173/0187.png,1920,1080,Minor Pothole,935,746,1194,922
/Users/SalehPC/Desktop/Challenge Track 2_ Pothole severity classification via computer vision/png/Scene 1/1-173/0188.png,1920,1080,Minor Pothole,1183,691,1467,825
/Users/SalehPC/Desktop/Challenge Track 2_ Pothole severity classification via computer vision/png/Scene 1/1-173/0189.png,1920,1080,Minor Pothole,1094,568,1476,731
/Users/SalehPC/Desktop/Challenge Track 2_ Pothole severity classification via computer vision/png/Scene 1/1-173/0189.png,1920,1080,Moderate Pothole,1358,818,1791,1018
/Users/SalehPC/Desktop/Challenge Track 2_ Pothole severity classification via computer vision/png/Scene 1/1-173/0189.png,1920,1080,Moderate Pothole,750,522,924,608
/Users/SalehPC/Desktop/Challenge Track 2_ Pothole severity classification via computer vision/png/Scene 1/1-173/0190.png,1920,1080,Minor Pothole,1409,780,1675,1009
/Users/SalehPC/Desktop/Challenge Track 2_ Pothole severity classification via computer vision/png/Scene 1/1-173/0190.png,1920,1080,Minor Pothole,1145,622,1371,800
/Users/SalehPC/Desktop/Challenge Track 2_ Pothole severity classification via computer vision/png/Scene 1/1-173/0190.png,1920,1080,Moderate Pothole,745,547,873,645
/Users/SalehPC/Desktop/Challenge Track 2_ Pothole severity classification via computer vision/png/Scene 1/1-173/0191.png,1920,1080,Moderate Pothole,717,565,936,743
/Users/SalehPC/Desktop/Challenge Track 2_ Pothole severity classification via computer vision/png/Scene 1/1-173/0191.png,1920,1080,Minor Pothole,1190,696,1400,853
/Users/SalehPC/Desktop/Challenge Track 2_ Pothole severity classification via computer vision/png/Scene 1/1-173/0192.png,1920,1080,Minor Pothole,1092,782,1564,1016
/Users/SalehPC/Desktop/Challenge Track 2_ Pothole severity classification via computer vision/png/Scene 1/1-173/0192.png,1920,1080,Moderate Pothole,715,592,941,796
/Users/SalehPC/Desktop/Challenge Track 2_ Pothole severity classification via computer vision/png/Scene 1/1-173/0193.png,1920,1080,Moderate Pothole,624,480,795,615
/Users/SalehPC/Desktop/Challenge Track 2_ Pothole severity classification via computer vision/png/Scene 1/1-173/0193.png,1920,1080,Moderate Pothole,727,712,941,945
/Users/SalehPC/Desktop/Challenge Track 2_ Pothole severity classification via computer vision/png/Scene 1/1-173/0194.png,1920,1080,Moderate Pothole,643,536,830,615
/Users/SalehPC/Desktop/Challenge Track 2_ Pothole severity classification via computer vision/png/Scene 1/1-173/0194.png,1920,1080,Moderate Pothole,680,782,929,1044
/Users/SalehPC/Desktop/Challenge Track 2_ Pothole severity classification via computer vision/png/Scene 1/1-173/0195.png,1920,1080,Moderate Pothole,629,913,860,1068
/Users/SalehPC/Desktop/Challenge Track 2_ Pothole severity classification via computer vision/png/Scene 1/1-173/0195.png,1920,1080,Moderate Pothole,619,556,827,657
/Users/SalehPC/Desktop/Challenge Track 2_ Pothole severity classification via computer vision/png/Scene 1/1-173/0196.png,1920,1080,Moderate Pothole,563,536,801,714
/Users/SalehPC/Desktop/Challenge Track 2_ Pothole severity classification via computer vision/png/Scene 1/1-173/0197.png,1920,1080,Moderate Pothole,553,592,827,802
/Users/SalehPC/Desktop/Challenge Track 2_ Pothole severity classification via computer vision/png/Scene 1/1-173/0198.png,1920,1080,Moderate Pothole,536,647,802,862
/Users/SalehPC/Desktop/Challenge Track 2_ Pothole severity classification via computer vision/png/Scene 1/1-173/0198.png,1920,1080,Minor Pothole,1173,513,1803,830
/Users/SalehPC/Desktop/Challenge Track 2_ Pothole severity classification via computer vision/png/Scene 1/1-173/0199.png,1920,1080,Moderate Pothole,506,765,806,1013
/Users/SalehPC/Desktop/Challenge Track 2_ Pothole severity classification via computer vision/png/Scene 1/1-173/0200.png,1920,1080,Minor Pothole,1269,525,1533,707
/Users/SalehPC/Desktop/Challenge Track 2_ Pothole severity classification via computer vision/png/Scene 1/1-173/0201.png,1920,1080,Minor Pothole,1179,512,1633,766
/Users/SalehPC/Desktop/Challenge Track 2_ Pothole severity classification via computer vision/png/Scene 1/1-173/0202.png,1920,1080,Minor Pothole,1279,556,1792,862
/Users/SalehPC/Desktop/Challenge Track 2_ Pothole severity classification via computer vision/png/Scene 1/1-173/0203.png,1920,1080,Minor Pothole,1386,537,1872,958
/Users/SalehPC/Desktop/Challenge Track 2_ Pothole severity classification via computer vision/png/Scene 1/1-173/0204.png,1920,1080,Minor Pothole,1391,682,1851,1010
/Users/SalehPC/Desktop/Challenge Track 2_ Pothole severity classification via computer vision/png/Scene 1/1-173/0210.png,1920,1080,Minor Pothole,1117,618,1192,650
/Users/SalehPC/Desktop/Challenge Track 2_ Pothole severity classification via computer vision/png/Scene 1/1-173/0210.png,1920,1080,Minor Pothole,1449,660,1595,738
/Users/SalehPC/Desktop/Challenge Track 2_ Pothole severity classification via computer vision/png/Scene 1/1-173/0211.png,1920,1080,Minor Pothole,1590,720,1784,872
/Users/SalehPC/Desktop/Challenge Track 2_ Pothole severity classification via computer vision/png/Scene 1/1-173/0212.png,1920,1080,Minor Pothole,1556,896,1910,1021
/Users/SalehPC/Desktop/Challenge Track 2_ Pothole severity classification via computer vision/png/Scene 1/1-173/0212.png,1920,1080,Minor Pothole,1146,767,1230,827
/Users/SalehPC/Desktop/Challenge Track 2_ Pothole severity classification via computer vision/png/Scene 1/1-173/0213.png,1920,1080,Minor Pothole,1103,906,1340,1076
/Users/SalehPC/Desktop/Challenge Track 2_ Pothole severity classification via computer vision/png/Scene 1/1-173/0213.png,1920,1080,Minor Pothole,544,490,894,665
/Users/SalehPC/Desktop/Challenge Track 2_ Pothole severity classification via computer vision/png/Scene 1/1-173/0214.png,1920,1080,Minor Pothole,472,475,827,710
/Users/SalehPC/Desktop/Challenge Track 2_ Pothole severity classification via computer vision/png/Scene 1/1-173/0215.png,1920,1080,Severe Pothole,979,401,1094,525
/Users/SalehPC/Desktop/Challenge Track 2_ Pothole severity classification via computer vision/png/Scene 1/1-173/0215.png,1920,1080,Minor Pothole,358,484,795,766
/Users/SalehPC/Desktop/Challenge Track 2_ Pothole severity classification via computer vision/png/Scene 1/1-173/0216.png,1920,1080,Minor Pothole,157,549,793,904
/Users/SalehPC/Desktop/Challenge Track 2_ Pothole severity classification via computer vision/png/Scene 1/1-173/0216.png,1920,1080,Severe Pothole,945,433,1088,532
/Users/SalehPC/Desktop/Challenge Track 2_ Pothole severity classification via computer vision/png/Scene 1/1-173/0217.png,1920,1080,Minor Pothole,174,610,649,921
/Users/SalehPC/Desktop/Challenge Track 2_ Pothole severity classification via computer vision/png/Scene 1/1-173/0217.png,1920,1080,Severe Pothole,925,448,1130,568
/Users/SalehPC/Desktop/Challenge Track 2_ Pothole severity classification via computer vision/png/Scene 1/1-173/0218.png,1920,1080,Severe Pothole,929,464,1105,620
/Users/SalehPC/Desktop/Challenge Track 2_ Pothole severity classification via computer vision/png/Scene 1/1-173/0218.png,1920,1080,Minor Pothole,187,682,553,908
/Users/SalehPC/Desktop/Challenge Track 2_ Pothole severity classification via computer vision/png/Scene 1/1-173/0219.png,1920,1080,Severe Pothole,892,491,1118,667
/Users/SalehPC/Desktop/Challenge Track 2_ Pothole severity classification via computer vision/png/Scene 1/1-173/0220.png,1920,1080,Severe Pothole,879,503,1175,749
/Users/SalehPC/Desktop/Challenge Track 2_ Pothole severity classification via computer vision/png/Scene 1/1-173/0221.png,1920,1080,Severe Pothole,846,534,1204,844
/Users/SalehPC/Desktop/Challenge Track 2_ Pothole severity classification via computer vision/png/Scene 1/1-173/0222.png,1920,1080,Moderate Pothole,766,430,868,496
/Users/SalehPC/Desktop/Challenge Track 2_ Pothole severity classification via computer vision/png/Scene 1/1-173/0222.png,1920,1080,Severe Pothole,1139,483,1204,542
/Users/SalehPC/Desktop/Challenge Track 2_ Pothole severity classification via computer vision/png/Scene 1/1-173/0222.png,1920,1080,Severe Pothole,776,642,1322,1053
/Users/SalehPC/Desktop/Challenge Track 2_ Pothole severity classification via computer vision/png/Scene 1/1-173/0223.png,1920,1080,Moderate Pothole,702,433,870,539
/Users/SalehPC/Desktop/Challenge Track 2_ Pothole severity classification via computer vision/png/Scene 1/1-173/0223.png,1920,1080,Moderate Pothole,1152,530,1259,577
/Users/SalehPC/Desktop/Challenge Track 2_ Pothole severity classification via computer vision/png/Scene 1/1-173/0223.png,1920,1080,Severe Pothole,709,693,1319,1075
/Users/SalehPC/Desktop/Challenge Track 2_ Pothole severity classification via computer vision/png/Scene 1/1-173/0224.png,1920,1080,Moderate Pothole,757,929,1132,1078
/Users/SalehPC/Desktop/Challenge Track 2_ Pothole severity classification via computer vision/png/Scene 1/1-173/0225.png,1920,1080,Moderate Pothole,1219,631,1391,714
/Users/SalehPC/Desktop/Challenge Track 2_ Pothole severity classification via computer vision/png/Scene 1/1-173/0226.png,1920,1080,Minor Pothole,1518,602,1720,755
/Users/SalehPC/Desktop/Challenge Track 2_ Pothole severity classification via computer vision/png/Scene 1/1-173/0226.png,1920,1080,Moderate Pothole,1318,743,1498,876
/Users/SalehPC/Desktop/Challenge Track 2_ Pothole severity classification via computer vision/png/Scene 1/1-173/0226.png,1920,1080,Moderate Pothole,568,537,767,631
/Users/SalehPC/Desktop/Challenge Track 2_ Pothole severity classification via computer vision/png/Scene 1/1-173/0227.png,1920,1080,Minor Pothole,504,601,749,793
/Users/SalehPC/Desktop/Challenge Track 2_ Pothole severity classification via computer vision/png/Scene 1/1-173/0227.png,1920,1080,Minor Pothole,1701,745,1895,875
/Users/SalehPC/Desktop/Challenge Track 2_ Pothole severity classification via computer vision/png/Scene 1/1-173/0227.png,1920,1080,Moderate Pothole,1464,992,1729,1079
/Users/SalehPC/Desktop/Challenge Track 2_ Pothole severity classification via computer vision/png/Scene 1/1-173/0230.png,1920,1080,Minor Pothole,467,542,658,745
/Users/SalehPC/Desktop/Challenge Track 2_ Pothole severity classification via computer vision/png/Scene 1/1-173/0231.png,1920,1080,Minor Pothole,263,591,532,822
/Users/SalehPC/Desktop/Challenge Track 2_ Pothole severity classification via computer vision/png/Scene 1/1-173/0234.png,1920,1080,Minor Pothole,203,617,510,864
/Users/SalehPC/Desktop/Challenge Track 2_ Pothole severity classification via computer vision/png/Scene 1/1-173/0235.png,1920,1080,Minor Pothole,180,666,474,834
/Users/SalehPC/Desktop/Challenge Track 2_ Pothole severity classification via computer vision/png/Scene 1/1-173/0240.png,1920,1080,Minor Pothole,341,496,584,613
/Users/SalehPC/Desktop/Challenge Track 2_ Pothole severity classification via computer vision/png/Scene 1/1-173/0241.png,1920,1080,Minor Pothole,67,519,459,731
/Users/SalehPC/Desktop/Challenge Track 2_ Pothole severity classification via computer vision/png/Scene 1/1-173/0242.png,1920,1080,Minor Pothole,469,482,895,599
/Users/SalehPC/Desktop/Challenge Track 2_ Pothole severity classification via computer vision/png/Scene 1/1-173/0243.png,1920,1080,Minor Pothole,321,498,836,715
/Users/SalehPC/Desktop/Challenge Track 2_ Pothole severity classification via computer vision/png/Scene 1/1-173/0244.png,1920,1080,Minor Pothole,231,498,826,798
/Users/SalehPC/Desktop/Challenge Track 2_ Pothole severity classification via computer vision/png/Scene 1/1-173/0246.png,1920,1080,Minor Pothole,137,676,651,1021
/Users/SalehPC/Desktop/Challenge Track 2_ Pothole severity classification via computer vision/png/Scene 1/1-173/0247.png,1920,1080,Minor Pothole,369,533,810,721
/Users/SalehPC/Desktop/Challenge Track 2_ Pothole severity classification via computer vision/png/Scene 1/1-173/0247.png,1920,1080,Minor Pothole,106,922,367,1059
/Users/SalehPC/Desktop/Challenge Track 2_ Pothole severity classification via computer vision/png/Scene 1/1-173/0248.png,1920,1080,Minor Pothole,293,581,709,873
/Users/SalehPC/Desktop/Challenge Track 2_ Pothole severity classification via computer vision/png/Scene 1/1-173/0249.png,1920,1080,Moderate Pothole,540,586,756,659
/Users/SalehPC/Desktop/Challenge Track 2_ Pothole severity classification via computer vision/png/Scene 1/1-173/0250.png,1920,1080,Minor Pothole,451,548,669,666
/Users/SalehPC/Desktop/Challenge Track 2_ Pothole severity classification via computer vision/png/Scene 1/1-173/0250.png,1920,1080,Moderate Pothole,345,689,649,793
/Users/SalehPC/Desktop/Challenge Track 2_ Pothole severity classification via computer vision/png/Scene 1/1-173/0251.png,1920,1080,Minor Pothole,99,653,448,894
/Users/SalehPC/Desktop/Challenge Track 2_ Pothole severity classification via computer vision/png/Scene 1/1-173/0251.png,1920,1080,Moderate Pothole,29,944,329,1079
/Users/SalehPC/Desktop/Challenge Track 2_ Pothole severity classification via computer vision/png/Scene 1/1-173/0256.png,1920,1080,Moderate Pothole,715,404,842,486
/Users/SalehPC/Desktop/Challenge Track 2_ Pothole severity classification via computer vision/png/Scene 1/1-173/0256.png,1920,1080,Severe Pothole,884,457,1155,537
/Users/SalehPC/Desktop/Challenge Track 2_ Pothole severity classification via computer vision/png/Scene 1/1-173/0257.png,1920,1080,Moderate Pothole,659,416,859,509
/Users/SalehPC/Desktop/Challenge Track 2_ Pothole severity classification via computer vision/png/Scene 1/1-173/0257.png,1920,1080,Minor Pothole,879,818,1009,915
/Users/SalehPC/Desktop/Challenge Track 2_ Pothole severity classification via computer vision/png/Scene 1/1-173/0257.png,1920,1080,Severe Pothole,869,478,1201,552
/Users/SalehPC/Desktop/Challenge Track 2_ Pothole severity classification via computer vision/png/Scene 1/1-173/0258.png,1920,1080,Moderate Pothole,602,435,832,538
/Users/SalehPC/Desktop/Challenge Track 2_ Pothole severity classification via computer vision/png/Scene 1/1-173/0258.png,1920,1080,Severe Pothole,854,501,1193,638
/Users/SalehPC/Desktop/Challenge Track 2_ Pothole severity classification via computer vision/png/Scene 1/1-173/0259.png,1920,1080,Severe Pothole,664,446,817,514
/Users/SalehPC/Desktop/Challenge Track 2_ Pothole severity classification via computer vision/png/Scene 1/1-173/0259.png,1920,1080,Severe Pothole,561,449,814,522
/Users/SalehPC/Desktop/Challenge Track 2_ Pothole severity classification via computer vision/png/Scene 1/1-173/0259.png,1920,1080,Severe Pothole,835,547,1276,731
/Users/SalehPC/Desktop/Challenge Track 2_ Pothole severity classification via computer vision/png/Scene 1/1-173/0260.png,1920,1080,Severe Pothole,583,476,777,532
/Users/SalehPC/Desktop/Challenge Track 2_ Pothole severity classification via computer vision/png/Scene 1/1-173/0260.png,1920,1080,Moderate Pothole,346,453,733,675
/Users/SalehPC/Desktop/Challenge Track 2_ Pothole severity classification via computer vision/png/Scene 1/1-173/0260.png,1920,1080,Severe Pothole,740,626,1423,922
/Users/SalehPC/Desktop/Challenge Track 2_ Pothole severity classification via computer vision/png/Scene 1/1-173/0261.png,1920,1080,Severe Pothole,527,504,720,587
/Users/SalehPC/Desktop/Challenge Track 2_ Pothole severity classification via computer vision/png/Scene 1/1-173/0261.png,1920,1080,Moderate Pothole,305,473,764,695
/Users/SalehPC/Desktop/Challenge Track 2_ Pothole severity classification via computer vision/png/Scene 1/1-173/0261.png,1920,1080,Severe Pothole,575,787,1627,1066
/Users/SalehPC/Desktop/Challenge Track 2_ Pothole severity classification via computer vision/png/Scene 1/1-173/0262.png,1920,1080,Severe Pothole,263,553,656,658
/Users/SalehPC/Desktop/Challenge Track 2_ Pothole severity classification via computer vision/png/Scene 1/1-173/0263.png,1920,1080,Severe Pothole,41,591,512,830
/Users/SalehPC/Desktop/Challenge Track 2_ Pothole severity classification via computer vision/png/Scene 1/1-173/0264.png,1920,1080,Moderate Pothole,16,695,313,981
/Users/SalehPC/Desktop/Challenge Track 2_ Pothole severity classification via computer vision/png/Scene 1/1-173/0267.png,1920,1080,Moderate Pothole,614,458,687,506
/Users/SalehPC/Desktop/Challenge Track 2_ Pothole severity classification via computer vision/png/Scene 1/1-173/0268.png,1920,1080,Moderate Pothole,537,501,674,584
/Users/SalehPC/Desktop/Challenge Track 2_ Pothole severity classification via computer vision/png/Scene 1/1-173/0269.png,1920,1080,Moderate Pothole,419,527,597,597
/Users/SalehPC/Desktop/Challenge Track 2_ Pothole severity classification via computer vision/png/Scene 1/1-173/0271.png,1920,1080,Moderate Pothole,28,742,262,926
/Users/SalehPC/Desktop/Challenge Track 2_ Pothole severity classification via computer vision/png/Scene 1/1-173/0274.png,1920,1080,Minor Pothole,70,475,625,690
/Users/SalehPC/Desktop/Challenge Track 2_ Pothole severity classification via computer vision/png/Scene 1/1-173/0275.png,1920,1080,Minor Pothole,101,500,523,671
/Users/SalehPC/Desktop/Challenge Track 2_ Pothole severity classification via computer vision/png/Scene 1/1-173/0276.png,1920,1080,Minor Pothole,297,441,538,605
/Users/SalehPC/Desktop/Challenge Track 2_ Pothole severity classification via computer vision/png/Scene 1/1-173/0277.png,1920,1080,Minor Pothole,574,496,751,595
/Users/SalehPC/Desktop/Challenge Track 2_ Pothole severity classification via computer vision/png/Scene 1/1-173/0278.png,1920,1080,Minor Pothole,505,511,660,617
/Users/SalehPC/Desktop/Challenge Track 2_ Pothole severity classification via computer vision/png/Scene 1/1-173/0279.png,1920,1080,Minor Pothole,297,573,588,724
/Users/SalehPC/Desktop/Challenge Track 2_ Pothole severity classification via computer vision/png/Scene 1/1-173/0284.png,1920,1080,Minor Pothole,657,445,913,676
/Users/SalehPC/Desktop/Challenge Track 2_ Pothole severity classification via computer vision/png/Scene 1/1-173/0285.png,1920,1080,Minor Pothole,516,527,805,685
/Users/SalehPC/Desktop/Challenge Track 2_ Pothole severity classification via computer vision/png/Scene 1/1-173/0286.png,1920,1080,Minor Pothole,470,528,803,936
/Users/SalehPC/Desktop/Challenge Track 2_ Pothole severity classification via computer vision/png/Scene 1/1-173/0287.png,1920,1080,Minor Pothole,201,606,669,994
/Users/SalehPC/Desktop/Challenge Track 2_ Pothole severity classification via computer vision/png/Scene 1/1-173/0293.png,1920,1080,Minor Pothole,1229,563,1336,651
/Users/SalehPC/Desktop/Challenge Track 2_ Pothole severity classification via computer vision/png/Scene 1/1-173/0294.png,1920,1080,Minor Pothole,1251,669,1514,833
/Users/SalehPC/Desktop/Challenge Track 2_ Pothole severity classification via computer vision/png/Scene 1/1-173/0295.png,1920,1080,Minor Pothole,1531,923,1723,1044
/Users/SalehPC/Desktop/Challenge Track 2_ Pothole severity classification via computer vision/png/Scene 1/1-173/0296.png,1920,1080,Minor Pothole,1415,612,1723,781
/Users/SalehPC/Desktop/Challenge Track 2_ Pothole severity classification via computer vision/png/Scene 1/1-173/0296.png,1920,1080,Minor Pothole,1000,556,1289,817
/Users/SalehPC/Desktop/Challenge Track 2_ Pothole severity classification via computer vision/png/Scene 1/1-173/0297.png,1920,1080,Minor Pothole,1060,707,1394,992
/Users/SalehPC/Desktop/Challenge Track 2_ Pothole severity classification via computer vision/png/Scene 1/1-173/0298.png,1920,1080,Minor Pothole,1099,866,1357,1034
/Users/SalehPC/Desktop/Challenge Track 2_ Pothole severity classification via computer vision/png/Scene 1/1-173/0301.png,1920,1080,Minor Pothole,1463,824,1710,927
/Users/SalehPC/Desktop/Challenge Track 2_ Pothole severity classification via computer vision/png/Scene 1/1-173/0315.png,1920,1080,Moderate Pothole,440,514,716,690
/Users/SalehPC/Desktop/Challenge Track 2_ Pothole severity classification via computer vision/png/Scene 1/1-173/0316.png,1920,1080,Moderate Pothole,152,579,667,783
/Users/SalehPC/Desktop/Challenge Track 2_ Pothole severity classification via computer vision/png/Scene 1/1-173/0317.png,1920,1080,Moderate Pothole,53,673,399,969
/Users/SalehPC/Desktop/Challenge Track 2_ Pothole severity classification via computer vision/png/Scene 1/1-173/0318.png,1920,1080,Moderate Pothole,462,532,677,668
/Users/SalehPC/Desktop/Challenge Track 2_ Pothole severity classification via computer vision/png/Scene 1/1-173/0318.png,1920,1080,Minor Pothole,735,466,1132,653
/Users/SalehPC/Desktop/Challenge Track 2_ Pothole severity classification via computer vision/png/Scene 1/1-173/0319.png,1920,1080,Moderate Pothole,96,566,575,827
/Users/SalehPC/Desktop/Challenge Track 2_ Pothole severity classification via computer vision/png/Scene 1/1-173/0319.png,1920,1080,Minor Pothole,670,529,1248,806
/Users/SalehPC/Desktop/Challenge Track 2_ Pothole severity classification via computer vision/png/Scene 1/1-173/0320.png,1920,1080,Moderate Pothole,36,630,412,963
/Users/SalehPC/Desktop/Challenge Track 2_ Pothole severity classification via computer vision/png/Scene 1/1-173/0320.png,1920,1080,Minor Pothole,540,663,1287,988
/Users/SalehPC/Desktop/Challenge Track 2_ Pothole severity classification via computer vision/png/Scene 1/1-173/0321.png,1920,1080,Moderate Pothole,833,501,1197,590
/Users/SalehPC/Desktop/Challenge Track 2_ Pothole severity classification via computer vision/png/Scene 1/1-173/0321.png,1920,1080,Severe Pothole,465,510,762,598
/Users/SalehPC/Desktop/Challenge Track 2_ Pothole severity classification via computer vision/png/Scene 1/1-173/0322.png,1920,1080,Severe Pothole,374,531,651,660
/Users/SalehPC/Desktop/Challenge Track 2_ Pothole severity classification via computer vision/png/Scene 1/1-173/0322.png,1920,1080,Moderate Pothole,756,572,1162,659
/Users/SalehPC/Desktop/Challenge Track 2_ Pothole severity classification via computer vision/png/Scene 1/1-173/0323.png,1920,1080,Severe Pothole,167,610,576,804
/Users/SalehPC/Desktop/Challenge Track 2_ Pothole severity classification via computer vision/png/Scene 1/1-173/0323.png,1920,1080,Moderate Pothole,650,627,1315,816
/Users/SalehPC/Desktop/Challenge Track 2_ Pothole severity classification via computer vision/png/Scene 1/1-173/0324.png,1920,1080,Moderate Pothole,587,757,1483,1077
/Users/SalehPC/Desktop/Challenge Track 2_ Pothole severity classification via computer vision/png/Scene 1/1-173/0324.png,1920,1080,Severe Pothole,10,670,466,973
/Users/SalehPC/Desktop/Challenge Track 2_ Pothole severity classification via computer vision/png/Scene 1/1-173/0325.png,1920,1080,Moderate Pothole,1057,568,1606,898
/Users/SalehPC/Desktop/Challenge Track 2_ Pothole severity classification via computer vision/png/Scene 1/1-173/0325.png,1920,1080,Moderate Pothole,159,527,618,873
/Users/SalehPC/Desktop/Challenge Track 2_ Pothole severity classification via computer vision/png/Scene 1/1-173/0326.png,1920,1080,Moderate Pothole,655,639,874,741
/Users/SalehPC/Desktop/Challenge Track 2_ Pothole severity classification via computer vision/png/Scene 1/1-173/0326.png,1920,1080,Moderate Pothole,154,629,596,832
/Users/SalehPC/Desktop/Challenge Track 2_ Pothole severity classification via computer vision/png/Scene 1/1-173/0326.png,1920,1080,Moderate Pothole,1198,721,1571,932
/Users/SalehPC/Desktop/Challenge Track 2_ Pothole severity classification via computer vision/png/Scene 1/1-173/0327.png,1920,1080,Moderate Pothole,625,761,833,833
/Users/SalehPC/Desktop/Challenge Track 2_ Pothole severity classification via computer vision/png/Scene 1/1-173/0327.png,1920,1080,Moderate Pothole,1154,821,1573,1045
/Users/SalehPC/Desktop/Challenge Track 2_ Pothole severity classification via computer vision/png/Scene 1/1-173/0327.png,1920,1080,Moderate Pothole,154,666,578,872
/Users/SalehPC/Desktop/Challenge Track 2_ Pothole severity classification via computer vision/png/Scene 1/1-173/0328.png,1920,1080,Moderate Pothole,1134,746,1388,854
/Users/SalehPC/Desktop/Challenge Track 2_ Pothole severity classification via computer vision/png/Scene 1/1-173/0328.png,1920,1080,Moderate Pothole,2,785,454,1038
/Users/SalehPC/Desktop/Challenge Track 2_ Pothole severity classification via computer vision/png/Scene 1/1-173/0328.png,1920,1080,Moderate Pothole,502,967,766,1062
/Users/SalehPC/Desktop/Challenge Track 2_ Pothole severity classification via computer vision/png/Scene 1/1-173/0329.png,1920,1080,Moderate Pothole,1074,895,1587,1060
/Users/SalehPC/Desktop/Challenge Track 2_ Pothole severity classification via computer vision/png/Scene 1/1-173/0331.png,1920,1080,Moderate Pothole,1160,537,1563,942
/Users/SalehPC/Desktop/Challenge Track 2_ Pothole severity classification via computer vision/png/Scene 1/1-173/0332.png,1920,1080,Moderate Pothole,1247,599,1571,910
/Users/SalehPC/Desktop/Challenge Track 2_ Pothole severity classification via computer vision/png/Scene 1/1-173/0333.png,1920,1080,Moderate Pothole,1290,655,1667,954
/Users/SalehPC/Desktop/Challenge Track 2_ Pothole severity classification via computer vision/png/Scene 1/1-173/0334.png,1920,1080,Moderate Pothole,1437,714,1808,1030
/Users/SalehPC/Desktop/Challenge Track 2_ Pothole severity classification via computer vision/png/Scene 1/1-173/0338.png,1920,1080,Minor Pothole,449,539,591,619
/Users/SalehPC/Desktop/Challenge Track 2_ Pothole severity classification via computer vision/png/Scene 1/1-173/0339.png,1920,1080,Minor Pothole,841,492,1062,642
/Users/SalehPC/Desktop/Challenge Track 2_ Pothole severity classification via computer vision/png/Scene 1/1-173/0339.png,1920,1080,Minor Pothole,374,559,592,641
/Users/SalehPC/Desktop/Challenge Track 2_ Pothole severity classification via computer vision/png/Scene 1/1-173/0341.png,1920,1080,Minor Pothole,196,638,466,769
/Users/SalehPC/Desktop/Challenge Track 2_ Pothole severity classification via computer vision/png/Scene 1/1-173/0341.png,1920,1080,Minor Pothole,816,545,1111,695
/Users/SalehPC/Desktop/Challenge Track 2_ Pothole severity classification via computer vision/png/Scene 1/1-173/0343.png,1920,1080,Minor Pothole,762,575,1191,864
/Users/SalehPC/Desktop/Challenge Track 2_ Pothole severity classification via computer vision/png/Scene 1/1-173/0344.png,1920,1080,Moderate Pothole,501,390,923,536
/Users/SalehPC/Desktop/Challenge Track 2_ Pothole severity classification via computer vision/png/Scene 1/1-173/0344.png,1920,1080,Severe Pothole,1019,444,1197,516
/Users/SalehPC/Desktop/Challenge Track 2_ Pothole severity classification via computer vision/png/Scene 1/1-173/0344.png,1920,1080,Minor Pothole,270,565,644,810
/Users/SalehPC/Desktop/Challenge Track 2_ Pothole severity classification via computer vision/png/Scene 1/1-173/0344.png,1920,1080,Minor Pothole,1362,574,1531,703
/Users/SalehPC/Desktop/Challenge Track 2_ Pothole severity classification via computer vision/png/Scene 1/1-173/0344.png,1920,1080,Minor Pothole,785,577,1154,1026