path,annotations
/Users/SalehPC/Desktop/Challenge Track 2_ Pothole severity classification via computer vision/png/Scene 1/1-173/0001.png,[]
/Users/SalehPC/Desktop/Challenge Track 2_ Pothole severity classification via computer vision/png/Scene 1/1-173/0002.png,[]
/Users/SalehPC/Desktop/Challenge Track 2_ Pothole severity classification via computer vision/png/Scene 1/1-173/0003.png,[{"label":"Moderate Pothole","coordinates":{"x":703,"y":489,"width":199,"height":131}}]
/Users/SalehPC/Desktop/Challenge Track 2_ Pothole severity classification via computer vision/png/Scene 1/1-173/0004.png,[{"label":"Moderate Pothole","coordinates":{"x":633,"y":529,"width":245,"height":176}}]
/Users/SalehPC/Desktop/Challenge Track 2_ Pothole severity classification via computer vision/png/Scene 1/1-173/0005.png,[{"label":"Moderate Pothole","coordinates":{"x":587,"y":589,"width":269,"height":228}}]
/Users/SalehPC/Desktop/Challenge Track 2_ Pothole severity classification via computer vision/png/Scene 1/1-173/0006.png,[{"label":"Moderate Pothole","coordinates":{"x":424,"y":642,"width":482,"height":281}}]
/Users/SalehPC/Desktop/Challenge Track 2_ Pothole severity classification via computer vision/png/Scene 1/1-173/0007.png,[{"label":"Moderate Pothole","coordinates":{"x":355,"y":698,"width":531,"height":375}}]
/Users/SalehPC/Desktop/Challenge Track 2_ Pothole severity classification via computer vision/png/Scene 1/1-173/0008.png,[{"label":"Moderate Pothole","coordinates":{"x":1340,"y":598,"width":114,"height":53}},{"label":"Moderate Pothole","coordinates":{"x":215,"y":804,"width":361,"height":310}}]
/Users/SalehPC/Desktop/Challenge Track 2_ Pothole severity classification via computer vision/png/Scene 1/1-173/0009.png,[{"label":"Moderate Pothole","coordinates":{"x":1471,"y":687,"width":115,"height":75}}]
/Users/SalehPC/Desktop/Challenge Track 2_ Pothole severity classification via computer vision/png/Scene 1/1-173/0010.png,[{"label":"Moderate Pothole","coordinates":{"x":1052,"y":587,"width":81,"height":39}},{"label":"Moderate Pothole","coordinates":{"x":1651,"y":835,"width":267,"height":149}}]
/Users/SalehPC/Desktop/Challenge Track 2_ Pothole severity classification via computer vision/png/Scene 1/1-173/0011.png,[{"label":"Severe Pothole","coordinates":{"x":613,"y":495,"width":422,"height":143}},{"label":"Severe Pothole","coordinates":{"x":694,"y":515,"width":110,"height":22}},{"label":"Severe Pothole","coordinates":{"x":1014,"y":537,"width":220,"height":45}},{"label":"Severe Pothole","coordinates":{"x":979,"y":469,"width":241,"height":80}},{"label":"Severe Pothole","coordinates":{"x":1484,"y":547,"width":184,"height":56}},{"label":"Severe Pothole","coordinates":{"x":1322,"y":527,"width":95,"height":51}},{"label":"Moderate Pothole","coordinates":{"x":1066,"y":681,"width":118,"height":99}}]
/Users/SalehPC/Desktop/Challenge Track 2_ Pothole severity classification via computer vision/png/Scene 1/1-173/0012.png,[{"label":"Severe Pothole","coordinates":{"x":488,"y":562,"width":387,"height":224}},{"label":"Severe Pothole","coordinates":{"x":686,"y":588,"width":228,"height":79}},{"label":"Severe Pothole","coordinates":{"x":1026,"y":599,"width":287,"height":68}},{"label":"Severe Pothole","coordinates":{"x":997,"y":514,"width":330,"height":88}},{"label":"Severe Pothole","coordinates":{"x":1601,"y":606,"width":205,"height":69}},{"label":"Moderate Pothole","coordinates":{"x":1415,"y":587,"width":132,"height":69}},{"label":"Moderate Pothole","coordinates":{"x":1203,"y":876,"width":274,"height":210}}]
/Users/SalehPC/Desktop/Challenge Track 2_ Pothole severity classification via computer vision/png/Scene 1/1-173/0013.png,[{"label":"Severe Pothole","coordinates":{"x":346,"y":606,"width":673,"height":255}},{"label":"Severe Pothole","coordinates":{"x":616,"y":698,"width":422,"height":144}},{"label":"Severe Pothole","coordinates":{"x":1046,"y":559,"width":408,"height":131}},{"label":"Moderate Pothole","coordinates":{"x":1692,"y":682,"width":456,"height":186}},{"label":"Severe Pothole","coordinates":{"x":1068,"y":704,"width":288,"height":74}}]
/Users/SalehPC/Desktop/Challenge Track 2_ Pothole severity classification via computer vision/png/Scene 1/1-173/0014.png,[{"label":"Severe Pothole","coordinates":{"x":421,"y":889,"width":450,"height":295}},{"label":"Moderate Pothole","coordinates":{"x":1819,"y":829,"width":194,"height":192}},{"label":"Severe Pothole","coordinates":{"x":1076,"y":634,"width":511,"height":203}},{"label":"Severe Pothole","coordinates":{"x":1103,"y":903,"width":499,"height":180}}]
/Users/SalehPC/Desktop/Challenge Track 2_ Pothole severity classification via computer vision/png/Scene 1/1-173/0015.png,[{"label":"Severe Pothole","coordinates":{"x":292,"y":742,"width":482,"height":338}},{"label":"Severe Pothole","coordinates":{"x":110,"y":964,"width":186,"height":182}},{"label":"Severe Pothole","coordinates":{"x":1093,"y":741,"width":655,"height":243}}]
/Users/SalehPC/Desktop/Challenge Track 2_ Pothole severity classification via computer vision/png/Scene 1/1-173/0016.png,[{"label":"Moderate Pothole","coordinates":{"x":326,"y":656,"width":403,"height":330}},{"label":"Severe Pothole","coordinates":{"x":1099,"y":900,"width":983,"height":358}}]
/Users/SalehPC/Desktop/Challenge Track 2_ Pothole severity classification via computer vision/png/Scene 1/1-173/0017.png,[{"label":"Minor Pothole","coordinates":{"x":1209,"y":968,"width":340,"height":174}},{"label":"Minor Pothole","coordinates":{"x":287,"y":629,"width":335,"height":213}}]
/Users/SalehPC/Desktop/Challenge Track 2_ Pothole severity classification via computer vision/png/Scene 1/1-173/0018.png,[{"label":"Minor Pothole","coordinates":{"x":148,"y":786,"width":256,"height":336}}]
/Users/SalehPC/Desktop/Challenge Track 2_ Pothole severity classification via computer vision/png/Scene 1/1-173/0019.png,[]
/Users/SalehPC/Desktop/Challenge Track 2_ Pothole severity classification via computer vision/png/Scene 1/1-173/0020.png,[{"label":"Minor Pothole","coordinates":{"x":1545,"y":583,"width":159,"height":97}}]
/Users/SalehPC/Desktop/Challenge Track 2_ Pothole severity classification via computer vision/png/Scene 1/1-173/0021.png,[{"label":"Minor Pothole","coordinates":{"x":1688,"y":667,"width":189,"height":155}}]
/Users/SalehPC/Desktop/Challenge Track 2_ Pothole severity classification via computer vision/png/Scene 1/1-173/0022.png,[]
/Users/SalehPC/Desktop/Challenge Track 2_ Pothole severity classification via computer vision/png/Scene 1/1-173/0023.png,[]
/Users/SalehPC/Desktop/Challenge Track 2_ Pothole severity classification via computer vision/png/Scene 1/1-173/0024.png,[]
/Users/SalehPC/Desktop/Challenge Track 2_ Pothole severity classification via computer vision/png/Scene 1/1-173/0025.png,[]
/Users/SalehPC/Desktop/Challenge Track 2_ Pothole severity classification via computer vision/png/Scene 1/1-173/0026.png,[]
/Users/SalehPC/Desktop/Challenge Track 2_ Pothole severity classification via computer vision/png/Scene 1/1-173/0027.png,[]
/Users/SalehPC/Desktop/Challenge Track 2_ Pothole severity classification via computer vision/png/Scene 1/1-173/0028.png,[]
/Users/SalehPC/Desktop/Challenge Track 2_ Pothole severity classification via computer vision/png/Scene 1/1-173/0029.png,[{"label":"Moderate Pothole","coordinates":{"x":691,"y":468,"width":58,"height":76}},{"label":"Moderate Pothole","coordinates":{"x":561,"y":515,"width":162,"height":104}}]
/Users/SalehPC/Desktop/Challenge Track 2_ Pothole severity classification via computer vision/png/Scene 1/1-173/0030.png,[]
/Users/SalehPC/Desktop/Challenge Track 2_ Pothole severity classification via computer vision/png/Scene 1/1-173/0031.png,[{"label":"Moderate Pothole","coordinates":{"x":579,"y":523,"width":111,"height":68}},{"label":"Moderate Pothole","coordinates":{"x":335,"y":560,"width":287,"height":82}}]
/Users/SalehPC/Desktop/Challenge Track 2_ Pothole severity classification via computer vision/png/Scene 1/1-173/0032.png,[{"label":"Moderate Pothole","coordinates":{"x":492,"y":551,"width":147,"height":84}},{"label":"Moderate Pothole","coordinates":{"x":208,"y":629,"width":378,"height":148}}]
/Users/SalehPC/Desktop/Challenge Track 2_ Pothole severity classification via computer vision/png/Scene 1/1-173/0033.png,[{"label":"Moderate Pothole","coordinates":{"x":99,"y":704,"width":176,"height":135}},{"label":"Moderate Pothole","coordinates":{"x":367,"y":635,"width":233,"height":102}}]
/Users/SalehPC/Desktop/Challenge Track 2_ Pothole severity classification via computer vision/png/Scene 1/1-173/0034.png,[{"label":"Moderate Pothole","coordinates":{"x":246,"y":694,"width":276,"height":113}}]
/Users/SalehPC/Desktop/Challenge Track 2_ Pothole severity classification via computer vision/png/Scene 1/1-173/0035.png,[{"label":"Minor Pothole","coordinates":{"x":736,"y":560,"width":134,"height":71}},{"label":"Moderate Pothole","coordinates":{"x":958,"y":514,"width":196,"height":82}}]
/Users/SalehPC/Desktop/Challenge Track 2_ Pothole severity classification via computer vision/png/Scene 1/1-173/0036.png,[{"label":"Minor Pothole","coordinates":{"x":658,"y":634,"width":223,"height":107}},{"label":"Moderate Pothole","coordinates":{"x":975,"y":528,"width":297,"height":102}}]
/Users/SalehPC/Desktop/Challenge Track 2_ Pothole severity classification via computer vision/png/Scene 1/1-173/0037.png,[{"label":"Minor Pothole","coordinates":{"x":571,"y":686,"width":278,"height":103}},{"label":"Moderate Pothole","coordinates":{"x":962,"y":551,"width":340,"height":130}}]
/Users/SalehPC/Desktop/Challenge Track 2_ Pothole severity classification via computer vision/png/Scene 1/1-173/0038.png,[{"label":"Moderate Pothole","coordinates":{"x":1000,"y":622,"width":362,"height":175}},{"label":"Minor Pothole","coordinates":{"x":505,"y":829,"width":285,"height":143}}]
/Users/SalehPC/Desktop/Challenge Track 2_ Pothole severity classification via computer vision/png/Scene 1/1-173/0039.png,[{"label":"Minor Pothole","coordinates":{"x":347,"y":991,"width":334,"height":118}},{"label":"Moderate Pothole","coordinates":{"x":953,"y":653,"width":409,"height":182}}]
/Users/SalehPC/Desktop/Challenge Track 2_ Pothole severity classification via computer vision/png/Scene 1/1-173/0040.png,[{"label":"Moderate Pothole","coordinates":{"x":978,"y":795,"width":542,"height":266}}]
/Users/SalehPC/Desktop/Challenge Track 2_ Pothole severity classification via computer vision/png/Scene 1/1-173/0041.png,[{"label":"Minor Pothole","coordinates":{"x":425,"y":578,"width":187,"height":55}},{"label":"Moderate Pothole","coordinates":{"x":960,"y":889,"width":714,"height":297}}]
/Users/SalehPC/Desktop/Challenge Track 2_ Pothole severity classification via computer vision/png/Scene 1/1-173/0042.png,[{"label":"Minor Pothole","coordinates":{"x":298,"y":653,"width":163,"height":84}},{"label":"Moderate Pothole","coordinates":{"x":1255,"y":996,"width":245,"height":153}}]
/Users/SalehPC/Desktop/Challenge Track 2_ Pothole severity classification via computer vision/png/Scene 1/1-173/0043.png,[{"label":"Minor Pothole","coordinates":{"x":986,"y":627,"width":147,"height":51}},{"label":"Minor Pothole","coordinates":{"x":140,"y":758,"width":277,"height":130}}]
/Users/SalehPC/Desktop/Challenge Track 2_ Pothole severity classification via computer vision/png/Scene 1/1-173/0044.png,[{"label":"Minor Pothole","coordinates":{"x":1036,"y":730,"width":287,"height":251}}]
/Users/SalehPC/Desktop/Challenge Track 2_ Pothole severity classification via computer vision/png/Scene 1/1-173/0045.png,[{"label":"Minor Pothole","coordinates":{"x":969,"y":807,"width":169,"height":127}}]
/Users/SalehPC/Desktop/Challenge Track 2_ Pothole severity classification via computer vision/png/Scene 1/1-173/0046.png,[{"label":"Minor Pothole","coordinates":{"x":986,"y":1019,"width":330,"height":120}}]
/Users/SalehPC/Desktop/Challenge Track 2_ Pothole severity classification via computer vision/png/Scene 1/1-173/0047.png,[]
/Users/SalehPC/Desktop/Challenge Track 2_ Pothole severity classification via computer vision/png/Scene 1/1-173/0048.png,[]
/Users/SalehPC/Desktop/Challenge Track 2_ Pothole severity classification via computer vision/png/Scene 1/1-173/0049.png,[{"label":"Minor Pothole","coordinates":{"x":913,"y":639,"width":254,"height":124}}]
/Users/SalehPC/Desktop/Challenge Track 2_ Pothole severity classification via computer vision/png/Scene 1/1-173/0051.png,[{"label":"Minor Pothole","coordinates":{"x":864,"y":829,"width":438,"height":346}}]
/Users/SalehPC/Desktop/Challenge Track 2_ Pothole severity classification via computer vision/png/Scene 1/1-173/0052.png,[{"label":"Minor Pothole","coordinates":{"x":980,"y":583,"width":99,"height":134}},{"label":"Minor Pothole","coordinates":{"x":823,"y":951,"width":510,"height":244}}]
/Users/SalehPC/Desktop/Challenge Track 2_ Pothole severity classification via computer vision/png/Scene 1/1-173/0053.png,[]
/Users/SalehPC/Desktop/Challenge Track 2_ Pothole severity classification via computer vision/png/Scene 1/1-173/0054.png,[{"label":"Minor Pothole","coordinates":{"x":1017,"y":647,"width":190,"height":107}}]
/Users/SalehPC/Desktop/Challenge Track 2_ Pothole severity classification via computer vision/png/Scene 1/1-173/0055.png,[{"label":"Minor Pothole","coordinates":{"x":1013,"y":760,"width":219,"height":119}}]
/Users/SalehPC/Desktop/Challenge Track 2_ Pothole severity classification via computer vision/png/Scene 1/1-173/0056.png,[{"label":"Minor Pothole","coordinates":{"x":1093,"y":945,"width":375,"height":268}}]
/Users/SalehPC/Desktop/Challenge Track 2_ Pothole severity classification via computer vision/png/Scene 1/1-173/0057.png,[]
/Users/SalehPC/Desktop/Challenge Track 2_ Pothole severity classification via computer vision/png/Scene 1/1-173/0058.png,[]
/Users/SalehPC/Desktop/Challenge Track 2_ Pothole severity classification via computer vision/png/Scene 1/1-173/0059.png,[]
/Users/SalehPC/Desktop/Challenge Track 2_ Pothole severity classification via computer vision/png/Scene 1/1-173/0060.png,[]
/Users/SalehPC/Desktop/Challenge Track 2_ Pothole severity classification via computer vision/png/Scene 1/1-173/0061.png,[]
/Users/SalehPC/Desktop/Challenge Track 2_ Pothole severity classification via computer vision/png/Scene 1/1-173/0062.png,[]
/Users/SalehPC/Desktop/Challenge Track 2_ Pothole severity classification via computer vision/png/Scene 1/1-173/0063.png,[]
/Users/SalehPC/Desktop/Challenge Track 2_ Pothole severity classification via computer vision/png/Scene 1/1-173/0064.png,[]
/Users/SalehPC/Desktop/Challenge Track 2_ Pothole severity classification via computer vision/png/Scene 1/1-173/0065.png,[]
/Users/SalehPC/Desktop/Challenge Track 2_ Pothole severity classification via computer vision/png/Scene 1/1-173/0066.png,[]
/Users/SalehPC/Desktop/Challenge Track 2_ Pothole severity classification via computer vision/png/Scene 1/1-173/0067.png,[]
/Users/SalehPC/Desktop/Challenge Track 2_ Pothole severity classification via computer vision/png/Scene 1/1-173/0068.png,[]
/Users/SalehPC/Desktop/Challenge Track 2_ Pothole severity classification via computer vision/png/Scene 1/1-173/0069.png,[]
/Users/SalehPC/Desktop/Challenge Track 2_ Pothole severity classification via computer vision/png/Scene 1/1-173/0070.png,[]
/Users/SalehPC/Desktop/Challenge Track 2_ Pothole severity classification via computer vision/png/Scene 1/1-173/0071.png,[{"label":"Minor Pothole","coordinates":{"x":940,"y":560,"width":1016,"height":115}}]
/Users/SalehPC/Desktop/Challenge Track 2_ Pothole severity classification via computer vision/png/Scene 1/1-173/0072.png,[{"label":"Minor Pothole","coordinates":{"x":960,"y":625,"width":1194,"height":198}}]
/Users/SalehPC/Desktop/Challenge Track 2_ Pothole severity classification via computer vision/png/Scene 1/1-173/0073.png,[{"label":"Minor Pothole","coordinates":{"x":896,"y":681,"width":1237,"height":226}}]
/Users/SalehPC/Desktop/Challenge Track 2_ Pothole severity classification via computer vision/png/Scene 1/1-173/0074.png,[{"label":"Minor Pothole","coordinates":{"x":1051,"y":787,"width":1691,"height":254}}]
/Users/SalehPC/Desktop/Challenge Track 2_ Pothole severity classification via computer vision/png/Scene 1/1-173/0075.png,[{"label":"Minor Pothole","coordinates":{"x":776,"y":926,"width":1501,"height":308}}]
/Users/SalehPC/Desktop/Challenge Track 2_ Pothole severity classification via computer vision/png/Scene 1/1-173/0076.png,[]
/Users/SalehPC/Desktop/Challenge Track 2_ Pothole severity classification via computer vision/png/Scene 1/1-173/0077.png,[]
/Users/SalehPC/Desktop/Challenge Track 2_ Pothole severity classification via computer vision/png/Scene 1/1-173/0078.png,[]
/Users/SalehPC/Desktop/Challenge Track 2_ Pothole severity classification via computer vision/png/Scene 1/1-173/0079.png,[{"label":"Minor Pothole","coordinates":{"x":395,"y":533,"width":190,"height":78}},{"label":"Minor Pothole","coordinates":{"x":232,"y":608,"width":296,"height":138}}]
/Users/SalehPC/Desktop/Challenge Track 2_ Pothole severity classification via computer vision/png/Scene 1/1-173/0080.png,[{"label":"Moderate Pothole","coordinates":{"x":500,"y":793,"width":144,"height":84}},{"label":"Minor Pothole","coordinates":{"x":270,"y":579,"width":188,"height":97}}]
/Users/SalehPC/Desktop/Challenge Track 2_ Pothole severity classification via computer vision/png/Scene 1/1-173/0081.png,[{"label":"Moderate Pothole","coordinates":{"x":148,"y":654,"width":261,"height":146}},{"label":"Moderate Pothole","coordinates":{"x":275,"y":1000,"width":211,"height":118}}]
/Users/SalehPC/Desktop/Challenge Track 2_ Pothole severity classification via computer vision/png/Scene 1/1-173/0082.png,[{"label":"Moderate Pothole","coordinates":{"x":129,"y":547,"width":250,"height":109}},{"label":"Moderate Pothole","coordinates":{"x":689,"y":505,"width":163,"height":68}},{"label":"Moderate Pothole","coordinates":{"x":438,"y":617,"width":206,"height":80}}]
/Users/SalehPC/Desktop/Challenge Track 2_ Pothole severity classification via computer vision/png/Scene 1/1-173/0083.png,[{"label":"Moderate Pothole","coordinates":{"x":652,"y":517,"width":232,"height":90}},{"label":"Minor Pothole","coordinates":{"x":349,"y":713,"width":248,"height":185}}]
/Users/SalehPC/Desktop/Challenge Track 2_ Pothole severity classification via computer vision/png/Scene 1/1-173/0084.png,[]
/Users/SalehPC/Desktop/Challenge Track 2_ Pothole severity classification via computer vision/png/Scene 1/1-173/0085.png,[{"label":"Moderate Pothole","coordinates":{"x":521,"y":599,"width":275,"height":70}}]
/Users/SalehPC/Desktop/Challenge Track 2_ Pothole severity classification via computer vision/png/Scene 1/1-173/0086.png,[{"label":"Moderate Pothole","coordinates":{"x":408,"y":506,"width":363,"height":147}},{"label":"Moderate Pothole","coordinates":{"x":424,"y":698,"width":323,"height":153}}]
/Users/SalehPC/Desktop/Challenge Track 2_ Pothole severity classification via computer vision/png/Scene 1/1-173/0087.png,[{"label":"Moderate Pothole","coordinates":{"x":339,"y":543,"width":619,"height":215}},{"label":"Moderate Pothole","coordinates":{"x":222,"y":791,"width":365,"height":223}}]
/Users/SalehPC/Desktop/Challenge Track 2_ Pothole severity classification via computer vision/png/Scene 1/1-173/0088.png,[{"label":"Moderate Pothole","coordinates":{"x":376,"y":551,"width":717,"height":275}},{"label":"Moderate Pothole","coordinates":{"x":169,"y":895,"width":273,"height":274}}]
/Users/SalehPC/Desktop/Challenge Track 2_ Pothole severity classification via computer vision/png/Scene 1/1-173/0089.png,[{"label":"Moderate Pothole","coordinates":{"x":320,"y":607,"width":612,"height":263}}]
/Users/SalehPC/Desktop/Challenge Track 2_ Pothole severity classification via computer vision/png/Scene 1/1-173/0090.png,[{"label":"Moderate Pothole","coordinates":{"x":314,"y":708,"width":512,"height":282}}]
/Users/SalehPC/Desktop/Challenge Track 2_ Pothole severity classification via computer vision/png/Scene 1/1-173/0091.png,[{"label":"Moderate Pothole","coordinates":{"x":274,"y":906,"width":388,"height":253}}]
/Users/SalehPC/Desktop/Challenge Track 2_ Pothole severity classification via computer vision/png/Scene 1/1-173/0092.png,[]
/Users/SalehPC/Desktop/Challenge Track 2_ Pothole severity classification via computer vision/png/Scene 1/1-173/0093.png,[]
/Users/SalehPC/Desktop/Challenge Track 2_ Pothole severity classification via computer vision/png/Scene 1/1-173/0094.png,[]
/Users/SalehPC/Desktop/Challenge Track 2_ Pothole severity classification via computer vision/png/Scene 1/1-173/0095.png,[]
/Users/SalehPC/Desktop/Challenge Track 2_ Pothole severity classification via computer vision/png/Scene 1/1-173/0096.png,[]
/Users/SalehPC/Desktop/Challenge Track 2_ Pothole severity classification via computer vision/png/Scene 1/1-173/0097.png,[{"label":"Minor Pothole","coordinates":{"x":916,"y":574,"width":122,"height":68}}]
/Users/SalehPC/Desktop/Challenge Track 2_ Pothole severity classification via computer vision/png/Scene 1/1-173/0098.png,[{"label":"Moderate Pothole","coordinates":{"x":1258,"y":559,"width":216,"height":100}},{"label":"Minor Pothole","coordinates":{"x":915,"y":596,"width":197,"height":69}}]
/Users/SalehPC/Desktop/Challenge Track 2_ Pothole severity classification via computer vision/png/Scene 1/1-173/0099.png,[]
/Users/SalehPC/Desktop/Challenge Track 2_ Pothole severity classification via computer vision/png/Scene 1/1-173/0100.png,[{"label":"Moderate Pothole","coordinates":{"x":1351,"y":656,"width":376,"height":149}},{"label":"Minor Pothole","coordinates":{"x":861,"y":778,"width":274,"height":264}}]
/Users/SalehPC/Desktop/Challenge Track 2_ Pothole severity classification via computer vision/png/Scene 1/1-173/0101.png,[{"label":"Minor Pothole","coordinates":{"x":822,"y":917,"width":366,"height":161}},{"label":"Moderate Pothole","coordinates":{"x":1538,"y":819,"width":518,"height":252}}]
/Users/SalehPC/Desktop/Challenge Track 2_ Pothole severity classification via computer vision/png/Scene 1/1-173/0102.png,[{"label":"Severe Pothole","coordinates":{"x":509,"y":485,"width":345,"height":89}}]
/Users/SalehPC/Desktop/Challenge Track 2_ Pothole severity classification via computer vision/png/Scene 1/1-173/0103.png,[{"label":"Severe Pothole","coordinates":{"x":455,"y":509,"width":378,"height":130}}]
/Users/SalehPC/Desktop/Challenge Track 2_ Pothole severity classification via computer vision/png/Scene 1/1-173/0104.png,[{"label":"Severe Pothole","coordinates":{"x":385,"y":506,"width":444,"height":136}}]
/Users/SalehPC/Desktop/Challenge Track 2_ Pothole severity classification via computer vision/png/Scene 1/1-173/0105.png,[{"label":"Severe Pothole","coordinates":{"x":301,"y":536,"width":595,"height":167}}]
/Users/SalehPC/Desktop/Challenge Track 2_ Pothole severity classification via computer vision/png/Scene 1/1-173/0106.png,[{"label":"Severe Pothole","coordinates":{"x":307,"y":560,"width":395,"height":167}}]
/Users/SalehPC/Desktop/Challenge Track 2_ Pothole severity classification via computer vision/png/Scene 1/1-173/0107.png,[]
/Users/SalehPC/Desktop/Challenge Track 2_ Pothole severity classification via computer vision/png/Scene 1/1-173/0108.png,[]
/Users/SalehPC/Desktop/Challenge Track 2_ Pothole severity classification via computer vision/png/Scene 1/1-173/0109.png,[]
/Users/SalehPC/Desktop/Challenge Track 2_ Pothole severity classification via computer vision/png/Scene 1/1-173/0110.png,[]
/Users/SalehPC/Desktop/Challenge Track 2_ Pothole severity classification via computer vision/png/Scene 1/1-173/0111.png,[]
/Users/SalehPC/Desktop/Challenge Track 2_ Pothole severity classification via computer vision/png/Scene 1/1-173/0112.png,[]
/Users/SalehPC/Desktop/Challenge Track 2_ Pothole severity classification via computer vision/png/Scene 1/1-173/0113.png,[]
/Users/SalehPC/Desktop/Challenge Track 2_ Pothole severity classification via computer vision/png/Scene 1/1-173/0114.png,[]
/Users/SalehPC/Desktop/Challenge Track 2_ Pothole severity classification via computer vision/png/Scene 1/1-173/0115.png,[]
/Users/SalehPC/Desktop/Challenge Track 2_ Pothole severity classification via computer vision/png/Scene 1/1-173/0116.png,[]
/Users/SalehPC/Desktop/Challenge Track 2_ Pothole severity classification via computer vision/png/Scene 1/1-173/0117.png,[]
/Users/SalehPC/Desktop/Challenge Track 2_ Pothole severity classification via computer vision/png/Scene 1/1-173/0118.png,[]
/Users/SalehPC/Desktop/Challenge Track 2_ Pothole severity classification via computer vision/png/Scene 1/1-173/0119.png,[]
/Users/SalehPC/Desktop/Challenge Track 2_ Pothole severity classification via computer vision/png/Scene 1/1-173/0120.png,[]
/Users/SalehPC/Desktop/Challenge Track 2_ Pothole severity classification via computer vision/png/Scene 1/1-173/0121.png,[]
/Users/SalehPC/Desktop/Challenge Track 2_ Pothole severity classification via computer vision/png/Scene 1/1-173/0122.png,[{"label":"Moderate Pothole","coordinates":{"x":1044,"y":564,"width":474,"height":309}},{"label":"Moderate Pothole","coordinates":{"x":453,"y":542,"width":434,"height":239}}]
/Users/SalehPC/Desktop/Challenge Track 2_ Pothole severity classification via computer vision/png/Scene 1/1-173/0123.png,[{"label":"Moderate Pothole","coordinates":{"x":368,"y":593,"width":560,"height":241}},{"label":"Moderate Pothole","coordinates":{"x":967,"y":577,"width":395,"height":306}}]
/Users/SalehPC/Desktop/Challenge Track 2_ Pothole severity classification via computer vision/png/Scene 1/1-173/0124.png,[{"label":"Moderate Pothole","coordinates":{"x":1058,"y":676,"width":576,"height":442}},{"label":"Moderate Pothole","coordinates":{"x":313,"y":636,"width":561,"height":291}}]
/Users/SalehPC/Desktop/Challenge Track 2_ Pothole severity classification via computer vision/png/Scene 1/1-173/0125.png,[{"label":"Moderate Pothole","coordinates":{"x":1047,"y":551,"width":512,"height":133}},{"label":"Moderate Pothole","coordinates":{"x":200,"y":602,"width":337,"height":231}},{"label":"Moderate Pothole","coordinates":{"x":1138,"y":862,"width":637,"height":340}},{"label":"Moderate Pothole","coordinates":{"x":960,"y":540,"width":1920,"height":1080}}]
/Users/SalehPC/Desktop/Challenge Track 2_ Pothole severity classification via computer vision/png/Scene 1/1-173/0126.png,[{"label":"Moderate Pothole","coordinates":{"x":197,"y":682,"width":386,"height":318}},{"label":"Moderate Pothole","coordinates":{"x":1095,"y":928,"width":605,"height":302}},{"label":"Moderate Pothole","coordinates":{"x":958,"y":557,"width":412,"height":159}}]
/Users/SalehPC/Desktop/Challenge Track 2_ Pothole severity classification via computer vision/png/Scene 1/1-173/0127.png,[{"label":"Moderate Pothole","coordinates":{"x":1013,"y":666,"width":571,"height":314}}]
/Users/SalehPC/Desktop/Challenge Track 2_ Pothole severity classification via computer vision/png/Scene 1/1-173/0128.png,[{"label":"Moderate Pothole","coordinates":{"x":1051,"y":671,"width":691,"height":256}}]
/Users/SalehPC/Desktop/Challenge Track 2_ Pothole severity classification via computer vision/png/Scene 1/1-173/0129.png,[{"label":"Moderate Pothole","coordinates":{"x":991,"y":745,"width":657,"height":362}}]
/Users/SalehPC/Desktop/Challenge Track 2_ Pothole severity classification via computer vision/png/Scene 1/1-173/0130.png,[{"label":"Moderate Pothole","coordinates":{"x":902,"y":830,"width":610,"height":443}}]
/Users/SalehPC/Desktop/Challenge Track 2_ Pothole severity classification via computer vision/png/Scene 1/1-173/0131.png,[{"label":"Moderate Pothole","coordinates":{"x":797,"y":838,"width":665,"height":399}}]
/Users/SalehPC/Desktop/Challenge Track 2_ Pothole severity classification via computer vision/png/Scene 1/1-173/0132.png,[{"label":"Moderate Pothole","coordinates":{"x":1153,"y":633,"width":477,"height":202}},{"label":"Moderate Pothole","coordinates":{"x":738,"y":971,"width":482,"height":218}}]
/Users/SalehPC/Desktop/Challenge Track 2_ Pothole severity classification via computer vision/png/Scene 1/1-173/0133.png,[{"label":"Moderate Pothole","coordinates":{"x":1001,"y":624,"width":324,"height":159}}]
/Users/SalehPC/Desktop/Challenge Track 2_ Pothole severity classification via computer vision/png/Scene 1/1-173/0134.png,[{"label":"Moderate Pothole","coordinates":{"x":1185,"y":717,"width":654,"height":261}}]
/Users/SalehPC/Desktop/Challenge Track 2_ Pothole severity classification via computer vision/png/Scene 1/1-173/0135.png,[{"label":"Moderate Pothole","coordinates":{"x":1131,"y":800,"width":648,"height":395}}]
/Users/SalehPC/Desktop/Challenge Track 2_ Pothole severity classification via computer vision/png/Scene 1/1-173/0136.png,[{"label":"Moderate Pothole","coordinates":{"x":1039,"y":809,"width":548,"height":304}}]
/Users/SalehPC/Desktop/Challenge Track 2_ Pothole severity classification via computer vision/png/Scene 1/1-173/0137.png,[{"label":"Moderate Pothole","coordinates":{"x":1059,"y":879,"width":606,"height":299}},{"label":"Minor Pothole","coordinates":{"x":1020,"y":603,"width":340,"height":161}}]
/Users/SalehPC/Desktop/Challenge Track 2_ Pothole severity classification via computer vision/png/Scene 1/1-173/0138.png,[{"label":"Moderate Pothole","coordinates":{"x":1010,"y":954,"width":629,"height":205}},{"label":"Minor Pothole","coordinates":{"x":1074,"y":661,"width":576,"height":298}}]
/Users/SalehPC/Desktop/Challenge Track 2_ Pothole severity classification via computer vision/png/Scene 1/1-173/0139.png,[{"label":"Minor Pothole","coordinates":{"x":1083,"y":744,"width":527,"height":333}}]
/Users/SalehPC/Desktop/Challenge Track 2_ Pothole severity classification via computer vision/png/Scene 1/1-173/0140.png,[{"label":"Minor Pothole","coordinates":{"x":1044,"y":750,"width":447,"height":394}}]
/Users/SalehPC/Desktop/Challenge Track 2_ Pothole severity classification via computer vision/png/Scene 1/1-173/0141.png,[{"label":"Minor Pothole","coordinates":{"x":1078,"y":821,"width":544,"height":419}}]
/Users/SalehPC/Desktop/Challenge Track 2_ Pothole severity classification via computer vision/png/Scene 1/1-173/0142.png,[{"label":"Minor Pothole","coordinates":{"x":1151,"y":847,"width":703,"height":433}}]
/Users/SalehPC/Desktop/Challenge Track 2_ Pothole severity classification via computer vision/png/Scene 1/1-173/0143.png,[{"label":"Minor Pothole","coordinates":{"x":1066,"y":847,"width":704,"height":397}}]
/Users/SalehPC/Desktop/Challenge Track 2_ Pothole severity classification via computer vision/png/Scene 1/1-173/0144.png,[{"label":"Minor Pothole","coordinates":{"x":1097,"y":884,"width":689,"height":297}}]
/Users/SalehPC/Desktop/Challenge Track 2_ Pothole severity classification via computer vision/png/Scene 1/1-173/0146.png,[{"label":"Minor Pothole","coordinates":{"x":1335,"y":943,"width":444,"height":273}}]
/Users/SalehPC/Desktop/Challenge Track 2_ Pothole severity classification via computer vision/png/Scene 1/1-173/0147.png,[]
/Users/SalehPC/Desktop/Challenge Track 2_ Pothole severity classification via computer vision/png/Scene 1/1-173/0148.png,[]
/Users/SalehPC/Desktop/Challenge Track 2_ Pothole severity classification via computer vision/png/Scene 1/1-173/0149.png,[]
/Users/SalehPC/Desktop/Challenge Track 2_ Pothole severity classification via computer vision/png/Scene 1/1-173/0150.png,[]
/Users/SalehPC/Desktop/Challenge Track 2_ Pothole severity classification via computer vision/png/Scene 1/1-173/0151.png,[]
/Users/SalehPC/Desktop/Challenge Track 2_ Pothole severity classification via computer vision/png/Scene 1/1-173/0152.png,[]
/Users/SalehPC/Desktop/Challenge Track 2_ Pothole severity classification via computer vision/png/Scene 1/1-173/0153.png,[]
/Users/SalehPC/Desktop/Challenge Track 2_ Pothole severity classification via computer vision/png/Scene 1/1-173/0154.png,[]
/Users/SalehPC/Desktop/Challenge Track 2_ Pothole severity classification via computer vision/png/Scene 1/1-173/0155.png,[]
/Users/SalehPC/Desktop/Challenge Track 2_ Pothole severity classification via computer vision/png/Scene 1/1-173/0156.png,[]
/Users/SalehPC/Desktop/Challenge Track 2_ Pothole severity classification via computer vision/png/Scene 1/1-173/0157.png,[]
/Users/SalehPC/Desktop/Challenge Track 2_ Pothole severity classification via computer vision/png/Scene 1/1-173/0158.png,[]
/Users/SalehPC/Desktop/Challenge Track 2_ Pothole severity classification via computer vision/png/Scene 1/1-173/0159.png,[]
/Users/SalehPC/Desktop/Challenge Track 2_ Pothole severity classification via computer vision/png/Scene 1/1-173/0160.png,[{"label":"Minor Pothole","coordinates":{"x":1706,"y":652,"width":425,"height":273}}]
/Users/SalehPC/Desktop/Challenge Track 2_ Pothole severity classification via computer vision/png/Scene 1/1-173/0161.png,[]
/Users/SalehPC/Desktop/Challenge Track 2_ Pothole severity classification via computer vision/png/Scene 1/1-173/0162.png,[]
/Users/SalehPC/Desktop/Challenge Track 2_ Pothole severity classification via computer vision/png/Scene 1/1-173/0163.png,[]
/Users/SalehPC/Desktop/Challenge Track 2_ Pothole severity classification via computer vision/png/Scene 1/1-173/0164.png,[]
/Users/SalehPC/Desktop/Challenge Track 2_ Pothole severity classification via computer vision/png/Scene 1/1-173/0165.png,[]
/Users/SalehPC/Desktop/Challenge Track 2_ Pothole severity classification via computer vision/png/Scene 1/1-173/0166.png,[{"label":"Minor Pothole","coordinates":{"x":653,"y":574,"width":126,"height":40}}]
/Users/SalehPC/Desktop/Challenge Track 2_ Pothole severity classification via computer vision/png/Scene 1/1-173/0167.png,[{"label":"Severe Pothole","coordinates":{"x":1584,"y":482,"width":378,"height":111}},{"label":"Minor Pothole","coordinates":{"x":587,"y":666,"width":209,"height":75}}]
/Users/SalehPC/Desktop/Challenge Track 2_ Pothole severity classification via computer vision/png/Scene 1/1-173/0168.png,[{"label":"Severe Pothole","coordinates":{"x":1708,"y":564,"width":382,"height":131}},{"label":"Minor Pothole","coordinates":{"x":502,"y":829,"width":302,"height":150}}]
/Users/SalehPC/Desktop/Challenge Track 2_ Pothole severity classification via computer vision/png/Scene 1/1-173/0169.png,[{"label":"Severe Pothole","coordinates":{"x":1759,"y":606,"width":306,"height":165}},{"label":"Minor Pothole","coordinates":{"x":266,"y":1013,"width":273,"height":134}}]
/Users/SalehPC/Desktop/Challenge Track 2_ Pothole severity classification via computer vision/png/Scene 1/1-173/0170.png,[{"label":"Minor Pothole","coordinates":{"x":376,"y":546,"width":389,"height":151}},{"label":"Severe Pothole","coordinates":{"x":1743,"y":654,"width":342,"height":177}}]
/Users/SalehPC/Desktop/Challenge Track 2_ Pothole severity classification via computer vision/png/Scene 1/1-173/0171.png,[{"label":"Minor Pothole","coordinates":{"x":369,"y":562,"width":396,"height":141}}]
/Users/SalehPC/Desktop/Challenge Track 2_ Pothole severity classification via computer vision/png/Scene 1/1-173/0172.png,[{"label":"Moderate Pothole","coordinates":{"x":1600,"y":580,"width":452,"height":285}},{"label":"Moderate Pothole","coordinates":{"x":613,"y":468,"width":136,"height":66}},{"label":"Minor Pothole","coordinates":{"x":250,"y":611,"width":429,"height":152}}]
/Users/SalehPC/Desktop/Challenge Track 2_ Pothole severity classification via computer vision/png/Scene 1/1-173/0173.png,[{"label":"Moderate Pothole","coordinates":{"x":599,"y":478,"width":208,"height":76}},{"label":"Minor Pothole","coordinates":{"x":1656,"y":608,"width":424,"height":205}},{"label":"Minor Pothole","coordinates":{"x":212,"y":639,"width":404,"height":176}}]
/Users/SalehPC/Desktop/Challenge Track 2_ Pothole severity classification via computer vision/png/Scene 1/1-173/0174.png,[{"label":"Moderate Pothole","coordinates":{"x":531,"y":497,"width":199,"height":104}}]
/Users/SalehPC/Desktop/Challenge Track 2_ Pothole severity classification via computer vision/png/Scene 1/1-173/0175.png,[{"label":"Minor Pothole","coordinates":{"x":438,"y":505,"width":221,"height":126}}]
/Users/SalehPC/Desktop/Challenge Track 2_ Pothole severity classification via computer vision/png/Scene 1/1-173/0176.png,[{"label":"Minor Pothole","coordinates":{"x":387,"y":545,"width":194,"height":95}}]
/Users/SalehPC/Desktop/Challenge Track 2_ Pothole severity classification via computer vision/png/Scene 1/1-173/0177.png,[{"label":"Moderate Pothole","coordinates":{"x":310,"y":593,"width":228,"height":136}}]
/Users/SalehPC/Desktop/Challenge Track 2_ Pothole severity classification via computer vision/png/Scene 1/1-173/0178.png,[{"label":"Moderate Pothole","coordinates":{"x":165,"y":647,"width":326,"height":182}}]
/Users/SalehPC/Desktop/Challenge Track 2_ Pothole severity classification via computer vision/png/Scene 1/1-173/0179.png,[{"label":"Minor Pothole","coordinates":{"x":1385,"y":731,"width":248,"height":170}},{"label":"Minor Pothole","coordinates":{"x":1335,"y":574,"width":242,"height":122}},{"label":"Minor Pothole","coordinates":{"x":1161,"y":814,"width":128,"height":85}},{"label":"Moderate Pothole","coordinates":{"x":107,"y":675,"width":200,"height":217}}]
/Users/SalehPC/Desktop/Challenge Track 2_ Pothole severity classification via computer vision/png/Scene 1/1-173/0180.png,[{"label":"Minor Pothole","coordinates":{"x":1579,"y":818,"width":183,"height":167}},{"label":"Minor Pothole","coordinates":{"x":1420,"y":613,"width":187,"height":190}},{"label":"Minor Pothole","coordinates":{"x":1179,"y":937,"width":240,"height":182}}]
/Users/SalehPC/Desktop/Challenge Track 2_ Pothole severity classification via computer vision/png/Scene 1/1-173/0181.png,[{"label":"Minor Pothole","coordinates":{"x":1436,"y":662,"width":255,"height":184}}]
/Users/SalehPC/Desktop/Challenge Track 2_ Pothole severity classification via computer vision/png/Scene 1/1-173/0182.png,[]
/Users/SalehPC/Desktop/Challenge Track 2_ Pothole severity classification via computer vision/png/Scene 1/1-173/0183.png,[]
/Users/SalehPC/Desktop/Challenge Track 2_ Pothole severity classification via computer vision/png/Scene 1/1-173/0184.png,[{"label":"Minor Pothole","coordinates":{"x":990,"y":634,"width":140,"height":90}},{"label":"Minor Pothole","coordinates":{"x":597,"y":592,"width":133,"height":82}}]
/Users/SalehPC/Desktop/Challenge Track 2_ Pothole severity classification via computer vision/png/Scene 1/1-173/0185.png,[{"label":"Minor Pothole","coordinates":{"x":559,"y":625,"width":152,"height":71}},{"label":"Minor Pothole","coordinates":{"x":1006,"y":675,"width":242,"height":126}}]
/Users/SalehPC/Desktop/Challenge Track 2_ Pothole severity classification via computer vision/png/Scene 1/1-173/0186.png,[{"label":"Minor Pothole","coordinates":{"x":1332,"y":605,"width":415,"height":229}},{"label":"Minor Pothole","coordinates":{"x":517,"y":658,"width":121,"height":58}},{"label":"Minor Pothole","coordinates":{"x":1017,"y":742,"width":311,"height":228}}]
/Users/SalehPC/Desktop/Challenge Track 2_ Pothole severity classification via computer vision/png/Scene 1/1-173/0187.png,[{"label":"Minor Pothole","coordinates":{"x":827,"y":504,"width":143,"height":65}},{"label":"Minor Pothole","coordinates":{"x":1434,"y":624,"width":561,"height":280}},{"label":"Minor Pothole","coordinates":{"x":1065,"y":834,"width":260,"height":177}}]
/Users/SalehPC/Desktop/Challenge Track 2_ Pothole severity classification via computer vision/png/Scene 1/1-173/0188.png,[{"label":"Minor Pothole","coordinates":{"x":1325,"y":758,"width":285,"height":135}}]
/Users/SalehPC/Desktop/Challenge Track 2_ Pothole severity classification via computer vision/png/Scene 1/1-173/0189.png,[{"label":"Minor Pothole","coordinates":{"x":1285,"y":649,"width":383,"height":164}},{"label":"Moderate Pothole","coordinates":{"x":1574,"y":918,"width":434,"height":201}},{"label":"Moderate Pothole","coordinates":{"x":837,"y":565,"width":175,"height":87}}]
/Users/SalehPC/Desktop/Challenge Track 2_ Pothole severity classification via computer vision/png/Scene 1/1-173/0190.png,[{"label":"Minor Pothole","coordinates":{"x":1542,"y":894,"width":267,"height":230}},{"label":"Minor Pothole","coordinates":{"x":1258,"y":712,"width":227,"height":179}},{"label":"Moderate Pothole","coordinates":{"x":809,"y":596,"width":129,"height":99}}]
/Users/SalehPC/Desktop/Challenge Track 2_ Pothole severity classification via computer vision/png/Scene 1/1-173/0191.png,[{"label":"Moderate Pothole","coordinates":{"x":826,"y":654,"width":220,"height":179}},{"label":"Minor Pothole","coordinates":{"x":1295,"y":774,"width":211,"height":158}}]
/Users/SalehPC/Desktop/Challenge Track 2_ Pothole severity classification via computer vision/png/Scene 1/1-173/0192.png,[{"label":"Minor Pothole","coordinates":{"x":1328,"y":899,"width":473,"height":235}},{"label":"Moderate Pothole","coordinates":{"x":828,"y":694,"width":227,"height":205}}]
/Users/SalehPC/Desktop/Challenge Track 2_ Pothole severity classification via computer vision/png/Scene 1/1-173/0193.png,[{"label":"Moderate Pothole","coordinates":{"x":710,"y":547,"width":172,"height":136}},{"label":"Moderate Pothole","coordinates":{"x":834,"y":829,"width":215,"height":234}}]
/Users/SalehPC/Desktop/Challenge Track 2_ Pothole severity classification via computer vision/png/Scene 1/1-173/0194.png,[{"label":"Moderate Pothole","coordinates":{"x":737,"y":575,"width":188,"height":80}},{"label":"Moderate Pothole","coordinates":{"x":805,"y":913,"width":250,"height":263}}]
/Users/SalehPC/Desktop/Challenge Track 2_ Pothole severity classification via computer vision/png/Scene 1/1-173/0195.png,[{"label":"Moderate Pothole","coordinates":{"x":744,"y":991,"width":232,"height":156}},{"label":"Moderate Pothole","coordinates":{"x":723,"y":607,"width":209,"height":102}}]
/Users/SalehPC/Desktop/Challenge Track 2_ Pothole severity classification via computer vision/png/Scene 1/1-173/0196.png,[{"label":"Moderate Pothole","coordinates":{"x":682,"y":625,"width":239,"height":179}}]
/Users/SalehPC/Desktop/Challenge Track 2_ Pothole severity classification via computer vision/png/Scene 1/1-173/0197.png,[{"label":"Moderate Pothole","coordinates":{"x":690,"y":698,"width":275,"height":211}}]
/Users/SalehPC/Desktop/Challenge Track 2_ Pothole severity classification via computer vision/png/Scene 1/1-173/0198.png,[{"label":"Moderate Pothole","coordinates":{"x":669,"y":755,"width":267,"height":216}},{"label":"Minor Pothole","coordinates":{"x":1488,"y":672,"width":631,"height":318}}]
/Users/SalehPC/Desktop/Challenge Track 2_ Pothole severity classification via computer vision/png/Scene 1/1-173/0199.png,[{"label":"Moderate Pothole","coordinates":{"x":656,"y":889,"width":301,"height":249}}]
/Users/SalehPC/Desktop/Challenge Track 2_ Pothole severity classification via computer vision/png/Scene 1/1-173/0200.png,[{"label":"Minor Pothole","coordinates":{"x":1401,"y":616,"width":265,"height":183}}]
/Users/SalehPC/Desktop/Challenge Track 2_ Pothole severity classification via computer vision/png/Scene 1/1-173/0201.png,[{"label":"Minor Pothole","coordinates":{"x":1407,"y":639,"width":455,"height":255}}]
/Users/SalehPC/Desktop/Challenge Track 2_ Pothole severity classification via computer vision/png/Scene 1/1-173/0202.png,[{"label":"Minor Pothole","coordinates":{"x":1535,"y":709,"width":514,"height":307}}]
/Users/SalehPC/Desktop/Challenge Track 2_ Pothole severity classification via computer vision/png/Scene 1/1-173/0203.png,[{"label":"Minor Pothole","coordinates":{"x":1629,"y":747,"width":487,"height":422}}]
/Users/SalehPC/Desktop/Challenge Track 2_ Pothole severity classification via computer vision/png/Scene 1/1-173/0204.png,[{"label":"Minor Pothole","coordinates":{"x":1621,"y":846,"width":461,"height":329}}]
/Users/SalehPC/Desktop/Challenge Track 2_ Pothole severity classification via computer vision/png/Scene 1/1-173/0205.png,[]
/Users/SalehPC/Desktop/Challenge Track 2_ Pothole severity classification via computer vision/png/Scene 1/1-173/0206.png,[]
/Users/SalehPC/Desktop/Challenge Track 2_ Pothole severity classification via computer vision/png/Scene 1/1-173/0207.png,[]
/Users/SalehPC/Desktop/Challenge Track 2_ Pothole severity classification via computer vision/png/Scene 1/1-173/0208.png,[]
/Users/SalehPC/Desktop/Challenge Track 2_ Pothole severity classification via computer vision/png/Scene 1/1-173/0209.png,[]
/Users/SalehPC/Desktop/Challenge Track 2_ Pothole severity classification via computer vision/png/Scene 1/1-173/0210.png,[{"label":"Minor Pothole","coordinates":{"x":1154,"y":634,"width":76,"height":33}},{"label":"Minor Pothole","coordinates":{"x":1522,"y":699,"width":147,"height":79}}]
/Users/SalehPC/Desktop/Challenge Track 2_ Pothole severity classification via computer vision/png/Scene 1/1-173/0211.png,[{"label":"Minor Pothole","coordinates":{"x":1686,"y":796,"width":195,"height":153}}]
/Users/SalehPC/Desktop/Challenge Track 2_ Pothole severity classification via computer vision/png/Scene 1/1-173/0212.png,[{"label":"Minor Pothole","coordinates":{"x":1733,"y":959,"width":355,"height":126}},{"label":"Minor Pothole","coordinates":{"x":1189,"y":797,"width":85,"height":61}}]
/Users/SalehPC/Desktop/Challenge Track 2_ Pothole severity classification via computer vision/png/Scene 1/1-173/0213.png,[{"label":"Minor Pothole","coordinates":{"x":1222,"y":991,"width":238,"height":171}},{"label":"Minor Pothole","coordinates":{"x":719,"y":578,"width":351,"height":176}}]
/Users/SalehPC/Desktop/Challenge Track 2_ Pothole severity classification via computer vision/png/Scene 1/1-173/0214.png,[{"label":"Minor Pothole","coordinates":{"x":650,"y":593,"width":356,"height":236}}]
/Users/SalehPC/Desktop/Challenge Track 2_ Pothole severity classification via computer vision/png/Scene 1/1-173/0215.png,[{"label":"Severe Pothole","coordinates":{"x":1036,"y":463,"width":116,"height":125}},{"label":"Minor Pothole","coordinates":{"x":577,"y":625,"width":438,"height":283}}]
/Users/SalehPC/Desktop/Challenge Track 2_ Pothole severity classification via computer vision/png/Scene 1/1-173/0216.png,[{"label":"Minor Pothole","coordinates":{"x":475,"y":727,"width":637,"height":356}},{"label":"Severe Pothole","coordinates":{"x":1017,"y":482,"width":144,"height":100}}]
/Users/SalehPC/Desktop/Challenge Track 2_ Pothole severity classification via computer vision/png/Scene 1/1-173/0217.png,[{"label":"Minor Pothole","coordinates":{"x":412,"y":765,"width":476,"height":312}},{"label":"Severe Pothole","coordinates":{"x":1027,"y":508,"width":206,"height":121}}]
/Users/SalehPC/Desktop/Challenge Track 2_ Pothole severity classification via computer vision/png/Scene 1/1-173/0218.png,[{"label":"Severe Pothole","coordinates":{"x":1017,"y":542,"width":177,"height":157}},{"label":"Minor Pothole","coordinates":{"x":370,"y":795,"width":367,"height":227}}]
/Users/SalehPC/Desktop/Challenge Track 2_ Pothole severity classification via computer vision/png/Scene 1/1-173/0219.png,[{"label":"Severe Pothole","coordinates":{"x":1005,"y":579,"width":227,"height":177}}]
/Users/SalehPC/Desktop/Challenge Track 2_ Pothole severity classification via computer vision/png/Scene 1/1-173/0220.png,[{"label":"Severe Pothole","coordinates":{"x":1027,"y":626,"width":297,"height":247}}]
/Users/SalehPC/Desktop/Challenge Track 2_ Pothole severity classification via computer vision/png/Scene 1/1-173/0221.png,[{"label":"Severe Pothole","coordinates":{"x":1025,"y":689,"width":359,"height":311}}]
/Users/SalehPC/Desktop/Challenge Track 2_ Pothole severity classification via computer vision/png/Scene 1/1-173/0222.png,[{"label":"Moderate Pothole","coordinates":{"x":817,"y":463,"width":103,"height":67}},{"label":"Severe Pothole","coordinates":{"x":1171,"y":513,"width":66,"height":60}},{"label":"Severe Pothole","coordinates":{"x":1049,"y":847,"width":547,"height":412}}]
/Users/SalehPC/Desktop/Challenge Track 2_ Pothole severity classification via computer vision/png/Scene 1/1-173/0223.png,[{"label":"Moderate Pothole","coordinates":{"x":786,"y":486,"width":169,"height":107}},{"label":"Moderate Pothole","coordinates":{"x":1206,"y":554,"width":108,"height":48}},{"label":"Severe Pothole","coordinates":{"x":1014,"y":884,"width":611,"height":383}}]
/Users/SalehPC/Desktop/Challenge Track 2_ Pothole severity classification via computer vision/png/Scene 1/1-173/0224.png,[{"label":"Moderate Pothole","coordinates":{"x":944,"y":1004,"width":376,"height":150}}]
/Users/SalehPC/Desktop/Challenge Track 2_ Pothole severity classification via computer vision/png/Scene 1/1-173/0225.png,[{"label":"Moderate Pothole","coordinates":{"x":1305,"y":672,"width":173,"height":84}}]
/Users/SalehPC/Desktop/Challenge Track 2_ Pothole severity classification via computer vision/png/Scene 1/1-173/0226.png,[{"label":"Minor Pothole","coordinates":{"x":1619,"y":679,"width":203,"height":154}},{"label":"Moderate Pothole","coordinates":{"x":1409,"y":810,"width":181,"height":134}},{"label":"Moderate Pothole","coordinates":{"x":667,"y":584,"width":200,"height":95}}]
/Users/SalehPC/Desktop/Challenge Track 2_ Pothole severity classification via computer vision/png/Scene 1/1-173/0227.png,[{"label":"Minor Pothole","coordinates":{"x":626,"y":698,"width":246,"height":193}},{"label":"Minor Pothole","coordinates":{"x":1798,"y":810,"width":195,"height":131}},{"label":"Moderate Pothole","coordinates":{"x":1597,"y":1036,"width":266,"height":88}}]
/Users/SalehPC/Desktop/Challenge Track 2_ Pothole severity classification via computer vision/png/Scene 1/1-173/0228.png,[]
/Users/SalehPC/Desktop/Challenge Track 2_ Pothole severity classification via computer vision/png/Scene 1/1-173/0229.png,[]
/Users/SalehPC/Desktop/Challenge Track 2_ Pothole severity classification via computer vision/png/Scene 1/1-173/0230.png,[{"label":"Minor Pothole","coordinates":{"x":562,"y":644,"width":192,"height":204}}]
/Users/SalehPC/Desktop/Challenge Track 2_ Pothole severity classification via computer vision/png/Scene 1/1-173/0231.png,[{"label":"Minor Pothole","coordinates":{"x":397,"y":707,"width":270,"height":232}}]
/Users/SalehPC/Desktop/Challenge Track 2_ Pothole severity classification via computer vision/png/Scene 1/1-173/0233.png,[]
/Users/SalehPC/Desktop/Challenge Track 2_ Pothole severity classification via computer vision/png/Scene 1/1-173/0234.png,[{"label":"Minor Pothole","coordinates":{"x":357,"y":741,"width":308,"height":248}}]
/Users/SalehPC/Desktop/Challenge Track 2_ Pothole severity classification via computer vision/png/Scene 1/1-173/0235.png,[{"label":"Minor Pothole","coordinates":{"x":327,"y":750,"width":295,"height":169}}]
/Users/SalehPC/Desktop/Challenge Track 2_ Pothole severity classification via computer vision/png/Scene 1/1-173/0236.png,[]
/Users/SalehPC/Desktop/Challenge Track 2_ Pothole severity classification via computer vision/png/Scene 1/1-173/0237.png,[]
/Users/SalehPC/Desktop/Challenge Track 2_ Pothole severity classification via computer vision/png/Scene 1/1-173/0238.png,[]
/Users/SalehPC/Desktop/Challenge Track 2_ Pothole severity classification via computer vision/png/Scene 1/1-173/0239.png,[]
/Users/SalehPC/Desktop/Challenge Track 2_ Pothole severity classification via computer vision/png/Scene 1/1-173/0240.png,[{"label":"Minor Pothole","coordinates":{"x":463,"y":555,"width":244,"height":118}}]
/Users/SalehPC/Desktop/Challenge Track 2_ Pothole severity classification via computer vision/png/Scene 1/1-173/0241.png,[{"label":"Minor Pothole","coordinates":{"x":263,"y":625,"width":393,"height":213}}]
/Users/SalehPC/Desktop/Challenge Track 2_ Pothole severity classification via computer vision/png/Scene 1/1-173/0242.png,[{"label":"Minor Pothole","coordinates":{"x":683,"y":541,"width":427,"height":118}}]
/Users/SalehPC/Desktop/Challenge Track 2_ Pothole severity classification via computer vision/png/Scene 1/1-173/0243.png,[{"label":"Minor Pothole","coordinates":{"x":578,"y":607,"width":516,"height":218}}]
/Users/SalehPC/Desktop/Challenge Track 2_ Pothole severity classification via computer vision/png/Scene 1/1-173/0244.png,[{"label":"Minor Pothole","coordinates":{"x":529,"y":648,"width":596,"height":301}}]
/Users/SalehPC/Desktop/Challenge Track 2_ Pothole severity classification via computer vision/png/Scene 1/1-173/0245.png,[]
/Users/SalehPC/Desktop/Challenge Track 2_ Pothole severity classification via computer vision/png/Scene 1/1-173/0246.png,[{"label":"Minor Pothole","coordinates":{"x":394,"y":848,"width":515,"height":346}}]
/Users/SalehPC/Desktop/Challenge Track 2_ Pothole severity classification via computer vision/png/Scene 1/1-173/0247.png,[{"label":"Minor Pothole","coordinates":{"x":589,"y":626,"width":442,"height":189}},{"label":"Minor Pothole","coordinates":{"x":236,"y":991,"width":262,"height":138}}]
/Users/SalehPC/Desktop/Challenge Track 2_ Pothole severity classification via computer vision/png/Scene 1/1-173/0248.png,[{"label":"Minor Pothole","coordinates":{"x":501,"y":727,"width":417,"height":293}}]
/Users/SalehPC/Desktop/Challenge Track 2_ Pothole severity classification via computer vision/png/Scene 1/1-173/0249.png,[{"label":"Moderate Pothole","coordinates":{"x":648,"y":622,"width":217,"height":74}}]
/Users/SalehPC/Desktop/Challenge Track 2_ Pothole severity classification via computer vision/png/Scene 1/1-173/0250.png,[{"label":"Minor Pothole","coordinates":{"x":560,"y":607,"width":219,"height":119}},{"label":"Moderate Pothole","coordinates":{"x":497,"y":741,"width":305,"height":105}}]
/Users/SalehPC/Desktop/Challenge Track 2_ Pothole severity classification via computer vision/png/Scene 1/1-173/0251.png,[{"label":"Minor Pothole","coordinates":{"x":273,"y":773,"width":350,"height":242}},{"label":"Moderate Pothole","coordinates":{"x":179,"y":1011,"width":301,"height":136}}]
/Users/SalehPC/Desktop/Challenge Track 2_ Pothole severity classification via computer vision/png/Scene 1/1-173/0252.png,[]
/Users/SalehPC/Desktop/Challenge Track 2_ Pothole severity classification via computer vision/png/Scene 1/1-173/0253.png,[]
/Users/SalehPC/Desktop/Challenge Track 2_ Pothole severity classification via computer vision/png/Scene 1/1-173/0254.png,[]
/Users/SalehPC/Desktop/Challenge Track 2_ Pothole severity classification via computer vision/png/Scene 1/1-173/0255.png,[]
/Users/SalehPC/Desktop/Challenge Track 2_ Pothole severity classification via computer vision/png/Scene 1/1-173/0256.png,[{"label":"Moderate Pothole","coordinates":{"x":778,"y":445,"width":128,"height":83}},{"label":"Severe Pothole","coordinates":{"x":1019,"y":497,"width":272,"height":81}}]
/Users/SalehPC/Desktop/Challenge Track 2_ Pothole severity classification via computer vision/png/Scene 1/1-173/0257.png,[{"label":"Moderate Pothole","coordinates":{"x":759,"y":463,"width":201,"height":94}},{"label":"Minor Pothole","coordinates":{"x":944,"y":866,"width":131,"height":98}},{"label":"Severe Pothole","coordinates":{"x":1035,"y":515,"width":333,"height":75}}]
/Users/SalehPC/Desktop/Challenge Track 2_ Pothole severity classification via computer vision/png/Scene 1/1-173/0258.png,[{"label":"Moderate Pothole","coordinates":{"x":717,"y":486,"width":231,"height":104}},{"label":"Severe Pothole","coordinates":{"x":1024,"y":570,"width":340,"height":138}}]
/Users/SalehPC/Desktop/Challenge Track 2_ Pothole severity classification via computer vision/png/Scene 1/1-173/0259.png,[{"label":"Severe Pothole","coordinates":{"x":740,"y":480,"width":154,"height":69}},{"label":"Severe Pothole","coordinates":{"x":688,"y":486,"width":254,"height":74}},{"label":"Severe Pothole","coordinates":{"x":1055,"y":639,"width":442,"height":185}}]
/Users/SalehPC/Desktop/Challenge Track 2_ Pothole severity classification via computer vision/png/Scene 1/1-173/0260.png,[{"label":"Severe Pothole","coordinates":{"x":680,"y":504,"width":195,"height":57}},{"label":"Moderate Pothole","coordinates":{"x":540,"y":564,"width":388,"height":223}},{"label":"Severe Pothole","coordinates":{"x":1082,"y":774,"width":684,"height":297}}]
/Users/SalehPC/Desktop/Challenge Track 2_ Pothole severity classification via computer vision/png/Scene 1/1-173/0261.png,[{"label":"Severe Pothole","coordinates":{"x":624,"y":546,"width":194,"height":84}},{"label":"Moderate Pothole","coordinates":{"x":535,"y":584,"width":460,"height":223}},{"label":"Severe Pothole","coordinates":{"x":1101,"y":926,"width":1053,"height":280}}]
/Users/SalehPC/Desktop/Challenge Track 2_ Pothole severity classification via computer vision/png/Scene 1/1-173/0262.png,[{"label":"Severe Pothole","coordinates":{"x":460,"y":606,"width":394,"height":106}}]
/Users/SalehPC/Desktop/Challenge Track 2_ Pothole severity classification via computer vision/png/Scene 1/1-173/0263.png,[{"label":"Severe Pothole","coordinates":{"x":276,"y":710,"width":472,"height":240}}]
/Users/SalehPC/Desktop/Challenge Track 2_ Pothole severity classification via computer vision/png/Scene 1/1-173/0264.png,[{"label":"Moderate Pothole","coordinates":{"x":165,"y":838,"width":298,"height":287}}]
/Users/SalehPC/Desktop/Challenge Track 2_ Pothole severity classification via computer vision/png/Scene 1/1-173/0265.png,[]
/Users/SalehPC/Desktop/Challenge Track 2_ Pothole severity classification via computer vision/png/Scene 1/1-173/0266.png,[]
/Users/SalehPC/Desktop/Challenge Track 2_ Pothole severity classification via computer vision/png/Scene 1/1-173/0267.png,[{"label":"Moderate Pothole","coordinates":{"x":651,"y":482,"width":74,"height":49}}]
/Users/SalehPC/Desktop/Challenge Track 2_ Pothole severity classification via computer vision/png/Scene 1/1-173/0268.png,[{"label":"Moderate Pothole","coordinates":{"x":606,"y":542,"width":138,"height":84}}]
/Users/SalehPC/Desktop/Challenge Track 2_ Pothole severity classification via computer vision/png/Scene 1/1-173/0269.png,[{"label":"Moderate Pothole","coordinates":{"x":508,"y":562,"width":179,"height":71}}]
/Users/SalehPC/Desktop/Challenge Track 2_ Pothole severity classification via computer vision/png/Scene 1/1-173/0271.png,[{"label":"Moderate Pothole","coordinates":{"x":145,"y":834,"width":235,"height":185}}]
/Users/SalehPC/Desktop/Challenge Track 2_ Pothole severity classification via computer vision/png/Scene 1/1-173/0272.png,[]
/Users/SalehPC/Desktop/Challenge Track 2_ Pothole severity classification via computer vision/png/Scene 1/1-173/0273.png,[]
/Users/SalehPC/Desktop/Challenge Track 2_ Pothole severity classification via computer vision/png/Scene 1/1-173/0274.png,[{"label":"Minor Pothole","coordinates":{"x":348,"y":583,"width":556,"height":216}}]
/Users/SalehPC/Desktop/Challenge Track 2_ Pothole severity classification via computer vision/png/Scene 1/1-173/0275.png,[{"label":"Minor Pothole","coordinates":{"x":312,"y":585,"width":423,"height":172}}]
/Users/SalehPC/Desktop/Challenge Track 2_ Pothole severity classification via computer vision/png/Scene 1/1-173/0276.png,[{"label":"Minor Pothole","coordinates":{"x":417,"y":523,"width":242,"height":165}}]
/Users/SalehPC/Desktop/Challenge Track 2_ Pothole severity classification via computer vision/png/Scene 1/1-173/0277.png,[{"label":"Minor Pothole","coordinates":{"x":663,"y":546,"width":178,"height":100}}]
/Users/SalehPC/Desktop/Challenge Track 2_ Pothole severity classification via computer vision/png/Scene 1/1-173/0278.png,[{"label":"Minor Pothole","coordinates":{"x":583,"y":564,"width":156,"height":107}}]
/Users/SalehPC/Desktop/Challenge Track 2_ Pothole severity classification via computer vision/png/Scene 1/1-173/0279.png,[{"label":"Minor Pothole","coordinates":{"x":443,"y":648,"width":292,"height":152}}]
/Users/SalehPC/Desktop/Challenge Track 2_ Pothole severity classification via computer vision/png/Scene 1/1-173/0280.png,[]
/Users/SalehPC/Desktop/Challenge Track 2_ Pothole severity classification via computer vision/png/Scene 1/1-173/0281.png,[]
/Users/SalehPC/Desktop/Challenge Track 2_ Pothole severity classification via computer vision/png/Scene 1/1-173/0282.png,[]
/Users/SalehPC/Desktop/Challenge Track 2_ Pothole severity classification via computer vision/png/Scene 1/1-173/0283.png,[]
/Users/SalehPC/Desktop/Challenge Track 2_ Pothole severity classification via computer vision/png/Scene 1/1-173/0284.png,[{"label":"Minor Pothole","coordinates":{"x":785,"y":560,"width":257,"height":232}}]
/Users/SalehPC/Desktop/Challenge Track 2_ Pothole severity classification via computer vision/png/Scene 1/1-173/0285.png,[{"label":"Minor Pothole","coordinates":{"x":661,"y":606,"width":290,"height":159}}]
/Users/SalehPC/Desktop/Challenge Track 2_ Pothole severity classification via computer vision/png/Scene 1/1-173/0286.png,[{"label":"Minor Pothole","coordinates":{"x":636,"y":732,"width":334,"height":409}}]
/Users/SalehPC/Desktop/Challenge Track 2_ Pothole severity classification via computer vision/png/Scene 1/1-173/0287.png,[{"label":"Minor Pothole","coordinates":{"x":435,"y":800,"width":469,"height":389}}]
/Users/SalehPC/Desktop/Challenge Track 2_ Pothole severity classification via computer vision/png/Scene 1/1-173/0288.png,[]
/Users/SalehPC/Desktop/Challenge Track 2_ Pothole severity classification via computer vision/png/Scene 1/1-173/0289.png,[]
/Users/SalehPC/Desktop/Challenge Track 2_ Pothole severity classification via computer vision/png/Scene 1/1-173/0290.png,[]
/Users/SalehPC/Desktop/Challenge Track 2_ Pothole severity classification via computer vision/png/Scene 1/1-173/0291.png,[]
/Users/SalehPC/Desktop/Challenge Track 2_ Pothole severity classification via computer vision/png/Scene 1/1-173/0292.png,[]
/Users/SalehPC/Desktop/Challenge Track 2_ Pothole severity classification via computer vision/png/Scene 1/1-173/0293.png,[{"label":"Minor Pothole","coordinates":{"x":1283,"y":607,"width":108,"height":89}}]
/Users/SalehPC/Desktop/Challenge Track 2_ Pothole severity classification via computer vision/png/Scene 1/1-173/0294.png,[{"label":"Minor Pothole","coordinates":{"x":1382,"y":751,"width":264,"height":165}}]
/Users/SalehPC/Desktop/Challenge Track 2_ Pothole severity classification via computer vision/png/Scene 1/1-173/0295.png,[{"label":"Minor Pothole","coordinates":{"x":1627,"y":983,"width":193,"height":122}}]
/Users/SalehPC/Desktop/Challenge Track 2_ Pothole severity classification via computer vision/png/Scene 1/1-173/0296.png,[{"label":"Minor Pothole","coordinates":{"x":1569,"y":696,"width":309,"height":170}},{"label":"Minor Pothole","coordinates":{"x":1144,"y":686,"width":290,"height":262}}]
/Users/SalehPC/Desktop/Challenge Track 2_ Pothole severity classification via computer vision/png/Scene 1/1-173/0297.png,[{"label":"Minor Pothole","coordinates":{"x":1227,"y":849,"width":335,"height":286}}]
/Users/SalehPC/Desktop/Challenge Track 2_ Pothole severity classification via computer vision/png/Scene 1/1-173/0298.png,[{"label":"Minor Pothole","coordinates":{"x":1227,"y":950,"width":259,"height":169}}]
/Users/SalehPC/Desktop/Challenge Track 2_ Pothole severity classification via computer vision/png/Scene 1/1-173/0299.png,[]
/Users/SalehPC/Desktop/Challenge Track 2_ Pothole severity classification via computer vision/png/Scene 1/1-173/0300.png,[]
/Users/SalehPC/Desktop/Challenge Track 2_ Pothole severity classification via computer vision/png/Scene 1/1-173/0301.png,[{"label":"Minor Pothole","coordinates":{"x":1587,"y":875,"width":248,"height":104}}]
/Users/SalehPC/Desktop/Challenge Track 2_ Pothole severity classification via computer vision/png/Scene 1/1-173/0302.png,[]
/Users/SalehPC/Desktop/Challenge Track 2_ Pothole severity classification via computer vision/png/Scene 1/1-173/0303.png,[]
/Users/SalehPC/Desktop/Challenge Track 2_ Pothole severity classification via computer vision/png/Scene 1/1-173/0304.png,[]
/Users/SalehPC/Desktop/Challenge Track 2_ Pothole severity classification via computer vision/png/Scene 1/1-173/0305.png,[]
/Users/SalehPC/Desktop/Challenge Track 2_ Pothole severity classification via computer vision/png/Scene 1/1-173/0306.png,[]
/Users/SalehPC/Desktop/Challenge Track 2_ Pothole severity classification via computer vision/png/Scene 1/1-173/0307.png,[]
/Users/SalehPC/Desktop/Challenge Track 2_ Pothole severity classification via computer vision/png/Scene 1/1-173/0308.png,[]
/Users/SalehPC/Desktop/Challenge Track 2_ Pothole severity classification via computer vision/png/Scene 1/1-173/0309.png,[]
/Users/SalehPC/Desktop/Challenge Track 2_ Pothole severity classification via computer vision/png/Scene 1/1-173/0310.png,[]
/Users/SalehPC/Desktop/Challenge Track 2_ Pothole severity classification via computer vision/png/Scene 1/1-173/0311.png,[]
/Users/SalehPC/Desktop/Challenge Track 2_ Pothole severity classification via computer vision/png/Scene 1/1-173/0312.png,[]
/Users/SalehPC/Desktop/Challenge Track 2_ Pothole severity classification via computer vision/png/Scene 1/1-173/0313.png,[]
/Users/SalehPC/Desktop/Challenge Track 2_ Pothole severity classification via computer vision/png/Scene 1/1-173/0314.png,[]
/Users/SalehPC/Desktop/Challenge Track 2_ Pothole severity classification via computer vision/png/Scene 1/1-173/0315.png,[{"label":"Moderate Pothole","coordinates":{"x":578,"y":602,"width":277,"height":177}}]
/Users/SalehPC/Desktop/Challenge Track 2_ Pothole severity classification via computer vision/png/Scene 1/1-173/0316.png,[{"label":"Moderate Pothole","coordinates":{"x":409,"y":681,"width":516,"height":205}}]
/Users/SalehPC/Desktop/Challenge Track 2_ Pothole severity classification via computer vision/png/Scene 1/1-173/0317.png,[{"label":"Moderate Pothole","coordinates":{"x":225,"y":821,"width":347,"height":297}}]
/Users/SalehPC/Desktop/Challenge Track 2_ Pothole severity classification via computer vision/png/Scene 1/1-173/0318.png,[{"label":"Moderate Pothole","coordinates":{"x":569,"y":601,"width":216,"height":137}},{"label":"Minor Pothole","coordinates":{"x":933,"y":560,"width":398,"height":188}}]
/Users/SalehPC/Desktop/Challenge Track 2_ Pothole severity classification via computer vision/png/Scene 1/1-173/0319.png,[{"label":"Moderate Pothole","coordinates":{"x":336,"y":696,"width":480,"height":262}},{"label":"Minor Pothole","coordinates":{"x":960,"y":667,"width":579,"height":278}}]
/Users/SalehPC/Desktop/Challenge Track 2_ Pothole severity classification via computer vision/png/Scene 1/1-173/0320.png,[{"label":"Moderate Pothole","coordinates":{"x":224,"y":796,"width":377,"height":334}},{"label":"Minor Pothole","coordinates":{"x":913,"y":825,"width":748,"height":326}}]
/Users/SalehPC/Desktop/Challenge Track 2_ Pothole severity classification via computer vision/png/Scene 1/1-173/0321.png,[{"label":"Moderate Pothole","coordinates":{"x":1015,"y":546,"width":365,"height":90}},{"label":"Severe Pothole","coordinates":{"x":614,"y":554,"width":298,"height":89}}]
/Users/SalehPC/Desktop/Challenge Track 2_ Pothole severity classification via computer vision/png/Scene 1/1-173/0322.png,[{"label":"Severe Pothole","coordinates":{"x":512,"y":596,"width":278,"height":130}},{"label":"Moderate Pothole","coordinates":{"x":960,"y":616,"width":407,"height":88}}]
/Users/SalehPC/Desktop/Challenge Track 2_ Pothole severity classification via computer vision/png/Scene 1/1-173/0323.png,[{"label":"Severe Pothole","coordinates":{"x":371,"y":707,"width":410,"height":195}},{"label":"Moderate Pothole","coordinates":{"x":982,"y":722,"width":666,"height":190}}]
/Users/SalehPC/Desktop/Challenge Track 2_ Pothole severity classification via computer vision/png/Scene 1/1-173/0324.png,[{"label":"Moderate Pothole","coordinates":{"x":1035,"y":917,"width":897,"height":321}},{"label":"Severe Pothole","coordinates":{"x":238,"y":821,"width":457,"height":304}}]
/Users/SalehPC/Desktop/Challenge Track 2_ Pothole severity classification via computer vision/png/Scene 1/1-173/0325.png,[{"label":"Moderate Pothole","coordinates":{"x":1332,"y":733,"width":550,"height":331}},{"label":"Moderate Pothole","coordinates":{"x":388,"y":700,"width":460,"height":347}}]
/Users/SalehPC/Desktop/Challenge Track 2_ Pothole severity classification via computer vision/png/Scene 1/1-173/0326.png,[{"label":"Moderate Pothole","coordinates":{"x":765,"y":690,"width":220,"height":103}},{"label":"Moderate Pothole","coordinates":{"x":375,"y":731,"width":443,"height":204}},{"label":"Moderate Pothole","coordinates":{"x":1385,"y":826,"width":374,"height":212}}]
/Users/SalehPC/Desktop/Challenge Track 2_ Pothole severity classification via computer vision/png/Scene 1/1-173/0327.png,[{"label":"Moderate Pothole","coordinates":{"x":730,"y":797,"width":209,"height":73}},{"label":"Moderate Pothole","coordinates":{"x":1363,"y":934,"width":420,"height":225}},{"label":"Moderate Pothole","coordinates":{"x":366,"y":769,"width":425,"height":207}}]
/Users/SalehPC/Desktop/Challenge Track 2_ Pothole severity classification via computer vision/png/Scene 1/1-173/0328.png,[{"label":"Moderate Pothole","coordinates":{"x":1261,"y":800,"width":255,"height":109}},{"label":"Moderate Pothole","coordinates":{"x":228,"y":912,"width":453,"height":254}},{"label":"Moderate Pothole","coordinates":{"x":635,"y":1014,"width":265,"height":96}}]
/Users/SalehPC/Desktop/Challenge Track 2_ Pothole severity classification via computer vision/png/Scene 1/1-173/0329.png,[{"label":"Moderate Pothole","coordinates":{"x":1331,"y":977,"width":514,"height":166}}]
/Users/SalehPC/Desktop/Challenge Track 2_ Pothole severity classification via computer vision/png/Scene 1/1-173/0330.png,[]
/Users/SalehPC/Desktop/Challenge Track 2_ Pothole severity classification via computer vision/png/Scene 1/1-173/0331.png,[{"label":"Moderate Pothole","coordinates":{"x":1361,"y":740,"width":404,"height":406}}]
/Users/SalehPC/Desktop/Challenge Track 2_ Pothole severity classification via computer vision/png/Scene 1/1-173/0332.png,[{"label":"Moderate Pothole","coordinates":{"x":1409,"y":755,"width":325,"height":312}}]
/Users/SalehPC/Desktop/Challenge Track 2_ Pothole severity classification via computer vision/png/Scene 1/1-173/0333.png,[{"label":"Moderate Pothole","coordinates":{"x":1478,"y":805,"width":378,"height":300}}]
/Users/SalehPC/Desktop/Challenge Track 2_ Pothole severity classification via computer vision/png/Scene 1/1-173/0334.png,[{"label":"Moderate Pothole","coordinates":{"x":1622,"y":872,"width":372,"height":317}}]
/Users/SalehPC/Desktop/Challenge Track 2_ Pothole severity classification via computer vision/png/Scene 1/1-173/0335.png,[]
/Users/SalehPC/Desktop/Challenge Track 2_ Pothole severity classification via computer vision/png/Scene 1/1-173/0336.png,[]
/Users/SalehPC/Desktop/Challenge Track 2_ Pothole severity classification via computer vision/png/Scene 1/1-173/0337.png,[]
/Users/SalehPC/Desktop/Challenge Track 2_ Pothole severity classification via computer vision/png/Scene 1/1-173/0338.png,[{"label":"Minor Pothole","coordinates":{"x":520,"y":579,"width":143,"height":81}}]
/Users/SalehPC/Desktop/Challenge Track 2_ Pothole severity classification via computer vision/png/Scene 1/1-173/0339.png,[{"label":"Minor Pothole","coordinates":{"x":951,"y":568,"width":222,"height":151}},{"label":"Minor Pothole","coordinates":{"x":483,"y":599,"width":219,"height":83}}]
/Users/SalehPC/Desktop/Challenge Track 2_ Pothole severity classification via computer vision/png/Scene 1/1-173/0340.png,[]
/Users/SalehPC/Desktop/Challenge Track 2_ Pothole severity classification via computer vision/png/Scene 1/1-173/0341.png,[{"label":"Minor Pothole","coordinates":{"x":330,"y":704,"width":271,"height":132}},{"label":"Minor Pothole","coordinates":{"x":963,"y":620,"width":296,"height":151}}]
/Users/SalehPC/Desktop/Challenge Track 2_ Pothole severity classification via computer vision/png/Scene 1/1-173/0342.png,[]
/Users/SalehPC/Desktop/Challenge Track 2_ Pothole severity classification via computer vision/png/Scene 1/1-173/0343.png,[{"label":"Minor Pothole","coordinates":{"x":977,"y":719,"width":430,"height":290}}]
/Users/SalehPC/Desktop/Challenge Track 2_ Pothole severity classification via computer vision/png/Scene 1/1-173/0344.png,[{"label":"Moderate Pothole","coordinates":{"x":711,"y":463,"width":423,"height":147}},{"label":"Severe Pothole","coordinates":{"x":1108,"y":480,"width":179,"height":73}},{"label":"Minor Pothole","coordinates":{"x":457,"y":687,"width":375,"height":246}},{"label":"Minor Pothole","coordinates":{"x":1446,"y":639,"width":170,"height":130}},{"label":"Minor Pothole","coordinates":{"x":969,"y":801,"width":370,"height":450}}]