path,annotations
/Users/SalehPC/Downloads/Challenge Track 2_ Pothole severity classification via computer vision/png/Scene 2/0001.png,[]
/Users/SalehPC/Downloads/Challenge Track 2_ Pothole severity classification via computer vision/png/Scene 2/0002.png,[{"label":"Minor Pothole","coordinates":{"x":747,"y":781,"width":202,"height":106}}]
/Users/SalehPC/Downloads/Challenge Track 2_ Pothole severity classification via computer vision/png/Scene 2/0003.png,[{"label":"Minor Pothole","coordinates":{"x":658,"y":919,"width":172,"height":157}}]
/Users/SalehPC/Downloads/Challenge Track 2_ Pothole severity classification via computer vision/png/Scene 2/0004.png,[{"label":"Minor Pothole","coordinates":{"x":753,"y":765,"width":152,"height":92}}]
/Users/SalehPC/Downloads/Challenge Track 2_ Pothole severity classification via computer vision/png/Scene 2/0005.png,[{"label":"Minor Pothole","coordinates":{"x":635,"y":937,"width":149,"height":119}}]
/Users/SalehPC/Downloads/Challenge Track 2_ Pothole severity classification via computer vision/png/Scene 2/0006.png,[]
/Users/SalehPC/Downloads/Challenge Track 2_ Pothole severity classification via computer vision/png/Scene 2/0007.png,[]
/Users/SalehPC/Downloads/Challenge Track 2_ Pothole severity classification via computer vision/png/Scene 2/0008.png,[]
/Users/SalehPC/Downloads/Challenge Track 2_ Pothole severity classification via computer vision/png/Scene 2/0009.png,[]
/Users/SalehPC/Downloads/Challenge Track 2_ Pothole severity classification via computer vision/png/Scene 2/0010.png,[{"label":"Severe Pothole","coordinates":{"x":903,"y":607,"width":190,"height":57}}]
/Users/SalehPC/Downloads/Challenge Track 2_ Pothole severity classification via computer vision/png/Scene 2/0011.png,[{"label":"Severe Pothole","coordinates":{"x":862,"y":745,"width":228,"height":120}}]
/Users/SalehPC/Downloads/Challenge Track 2_ Pothole severity classification via computer vision/png/Scene 2/0012.png,[{"label":"Severe Pothole","coordinates":{"x":788,"y":989,"width":351,"height":182}}]
/Users/SalehPC/Downloads/Challenge Track 2_ Pothole severity classification via computer vision/png/Scene 2/0013.png,[{"label":"Moderate Pothole","coordinates":{"x":442,"y":437,"width":83,"height":33}}]
/Users/SalehPC/Downloads/Challenge Track 2_ Pothole severity classification via computer vision/png/Scene 2/0014.png,[{"label":"Moderate Pothole","coordinates":{"x":370,"y":447,"width":154,"height":39}}]
/Users/SalehPC/Downloads/Challenge Track 2_ Pothole severity classification via computer vision/png/Scene 2/0015.png,[{"label":"Moderate Pothole","coordinates":{"x":583,"y":431,"width":140,"height":53}}]
/Users/SalehPC/Downloads/Challenge Track 2_ Pothole severity classification via computer vision/png/Scene 2/0016.png,[{"label":"Moderate Pothole","coordinates":{"x":555,"y":421,"width":134,"height":67}},{"label":"Moderate Pothole","coordinates":{"x":189,"y":474,"width":112,"height":77}}]
/Users/SalehPC/Downloads/Challenge Track 2_ Pothole severity classification via computer vision/png/Scene 2/0017.png,[{"label":"Moderate Pothole","coordinates":{"x":78,"y":516,"width":149,"height":116}},{"label":"Severe Pothole","coordinates":{"x":517,"y":423,"width":91,"height":35}}]
/Users/SalehPC/Downloads/Challenge Track 2_ Pothole severity classification via computer vision/png/Scene 2/0018.png,[{"label":"Severe Pothole","coordinates":{"x":471,"y":429,"width":123,"height":55}}]
/Users/SalehPC/Downloads/Challenge Track 2_ Pothole severity classification via computer vision/png/Scene 2/0019.png,[{"label":"Severe Pothole","coordinates":{"x":407,"y":453,"width":150,"height":67}}]
/Users/SalehPC/Downloads/Challenge Track 2_ Pothole severity classification via computer vision/png/Scene 2/0020.png,[{"label":"Severe Pothole","coordinates":{"x":341,"y":456,"width":159,"height":69}}]
/Users/SalehPC/Downloads/Challenge Track 2_ Pothole severity classification via computer vision/png/Scene 2/0021.png,[{"label":"Severe Pothole","coordinates":{"x":269,"y":483,"width":239,"height":34}}]
/Users/SalehPC/Downloads/Challenge Track 2_ Pothole severity classification via computer vision/png/Scene 2/0022.png,[{"label":"Severe Pothole","coordinates":{"x":148,"y":520,"width":221,"height":81}}]
/Users/SalehPC/Downloads/Challenge Track 2_ Pothole severity classification via computer vision/png/Scene 2/0023.png,[]
/Users/SalehPC/Downloads/Challenge Track 2_ Pothole severity classification via computer vision/png/Scene 2/0024.png,[]
/Users/SalehPC/Downloads/Challenge Track 2_ Pothole severity classification via computer vision/png/Scene 2/0025.png,[]
/Users/SalehPC/Downloads/Challenge Track 2_ Pothole severity classification via computer vision/png/Scene 2/0026.png,[]
/Users/SalehPC/Downloads/Challenge Track 2_ Pothole severity classification via computer vision/png/Scene 2/0027.png,[]
/Users/SalehPC/Downloads/Challenge Track 2_ Pothole severity classification via computer vision/png/Scene 2/0028.png,[]
/Users/SalehPC/Downloads/Challenge Track 2_ Pothole severity classification via computer vision/png/Scene 2/0029.png,[]
/Users/SalehPC/Downloads/Challenge Track 2_ Pothole severity classification via computer vision/png/Scene 2/0030.png,[]
/Users/SalehPC/Downloads/Challenge Track 2_ Pothole severity classification via computer vision/png/Scene 2/0031.png,[{"label":"Severe Pothole","coordinates":{"x":1013,"y":501,"width":270,"height":126}}]
/Users/SalehPC/Downloads/Challenge Track 2_ Pothole severity classification via computer vision/png/Scene 2/0032.png,[{"label":"Severe Pothole","coordinates":{"x":1018,"y":546,"width":354,"height":184}}]
/Users/SalehPC/Downloads/Challenge Track 2_ Pothole severity classification via computer vision/png/Scene 2/0033.png,[{"label":"Moderate Pothole","coordinates":{"x":615,"y":507,"width":88,"height":87}},{"label":"Minor Pothole","coordinates":{"x":316,"y":620,"width":136,"height":101}},{"label":"Severe Pothole","coordinates":{"x":1012,"y":519,"width":308,"height":81}},{"label":"Severe Pothole","coordinates":{"x":1027,"y":633,"width":362,"height":153}}]
/Users/SalehPC/Downloads/Challenge Track 2_ Pothole severity classification via computer vision/png/Scene 2/0034.png,[{"label":"Moderate Pothole","coordinates":{"x":557,"y":544,"width":124,"height":35}},{"label":"Minor Pothole","coordinates":{"x":138,"y":695,"width":189,"height":83}},{"label":"Severe Pothole","coordinates":{"x":1034,"y":575,"width":371,"height":88}},{"label":"Severe Pothole","coordinates":{"x":1096,"y":719,"width":609,"height":179}}]
/Users/SalehPC/Downloads/Challenge Track 2_ Pothole severity classification via computer vision/png/Scene 2/0035.png,[{"label":"Moderate Pothole","coordinates":{"x":476,"y":601,"width":167,"height":85}},{"label":"Severe Pothole","coordinates":{"x":964,"y":655,"width":306,"height":124}},{"label":"Severe Pothole","coordinates":{"x":889,"y":897,"width":451,"height":230}}]
/Users/SalehPC/Downloads/Challenge Track 2_ Pothole severity classification via computer vision/png/Scene 2/0036.png,[{"label":"Severe Pothole","coordinates":{"x":1031,"y":756,"width":597,"height":203}},{"label":"Moderate Pothole","coordinates":{"x":303,"y":687,"width":261,"height":88}}]
/Users/SalehPC/Downloads/Challenge Track 2_ Pothole severity classification via computer vision/png/Scene 2/0037.png,[{"label":"Moderate Pothole","coordinates":{"x":104,"y":789,"width":166,"height":150}},{"label":"Severe Pothole","coordinates":{"x":1076,"y":951,"width":1028,"height":257}}]
/Users/SalehPC/Downloads/Challenge Track 2_ Pothole severity classification via computer vision/png/Scene 2/0038.png,[]
/Users/SalehPC/Downloads/Challenge Track 2_ Pothole severity classification via computer vision/png/Scene 2/0039.png,[]
/Users/SalehPC/Downloads/Challenge Track 2_ Pothole severity classification via computer vision/png/Scene 2/0040.png,[]
/Users/SalehPC/Downloads/Challenge Track 2_ Pothole severity classification via computer vision/png/Scene 2/0041.png,[]
/Users/SalehPC/Downloads/Challenge Track 2_ Pothole severity classification via computer vision/png/Scene 2/0042.png,[{"label":"Moderate Pothole","coordinates":{"x":967,"y":580,"width":307,"height":144}}]
/Users/SalehPC/Downloads/Challenge Track 2_ Pothole severity classification via computer vision/png/Scene 2/0043.png,[{"label":"Moderate Pothole","coordinates":{"x":982,"y":678,"width":287,"height":88}}]
/Users/SalehPC/Downloads/Challenge Track 2_ Pothole severity classification via computer vision/png/Scene 2/0044.png,[{"label":"Moderate Pothole","coordinates":{"x":985,"y":762,"width":385,"height":162}}]
/Users/SalehPC/Downloads/Challenge Track 2_ Pothole severity classification via computer vision/png/Scene 2/0045.png,[{"label":"Moderate Pothole","coordinates":{"x":1024,"y":966,"width":471,"height":228}}]
/Users/SalehPC/Downloads/Challenge Track 2_ Pothole severity classification via computer vision/png/Scene 2/0046.png,[]
/Users/SalehPC/Downloads/Challenge Track 2_ Pothole severity classification via computer vision/png/Scene 2/0047.png,[]
/Users/SalehPC/Downloads/Challenge Track 2_ Pothole severity classification via computer vision/png/Scene 2/0048.png,[]
/Users/SalehPC/Downloads/Challenge Track 2_ Pothole severity classification via computer vision/png/Scene 2/0049.png,[]
/Users/SalehPC/Downloads/Challenge Track 2_ Pothole severity classification via computer vision/png/Scene 2/0050.png,[]
/Users/SalehPC/Downloads/Challenge Track 2_ Pothole severity classification via computer vision/png/Scene 2/0051.png,[]
/Users/SalehPC/Downloads/Challenge Track 2_ Pothole severity classification via computer vision/png/Scene 2/0052.png,[{"label":"Minor Pothole","coordinates":{"x":264,"y":578,"width":423,"height":147}}]
/Users/SalehPC/Downloads/Challenge Track 2_ Pothole severity classification via computer vision/png/Scene 2/0053.png,[{"label":"Moderate Pothole","coordinates":{"x":269,"y":543,"width":308,"height":100}}]
/Users/SalehPC/Downloads/Challenge Track 2_ Pothole severity classification via computer vision/png/Scene 2/0054.png,[]
/Users/SalehPC/Downloads/Challenge Track 2_ Pothole severity classification via computer vision/png/Scene 2/0055.png,[]
/Users/SalehPC/Downloads/Challenge Track 2_ Pothole severity classification via computer vision/png/Scene 2/0056.png,[]
/Users/SalehPC/Downloads/Challenge Track 2_ Pothole severity classification via computer vision/png/Scene 2/0057.png,[]
/Users/SalehPC/Downloads/Challenge Track 2_ Pothole severity classification via computer vision/png/Scene 2/0058.png,[]
/Users/SalehPC/Downloads/Challenge Track 2_ Pothole severity classification via computer vision/png/Scene 2/0059.png,[{"label":"Minor Pothole","coordinates":{"x":373,"y":555,"width":134,"height":83}}]
/Users/SalehPC/Downloads/Challenge Track 2_ Pothole severity classification via computer vision/png/Scene 2/0060.png,[{"label":"Minor Pothole","coordinates":{"x":233,"y":617,"width":204,"height":97}}]
/Users/SalehPC/Downloads/Challenge Track 2_ Pothole severity classification via computer vision/png/Scene 2/0061.png,[]
/Users/SalehPC/Downloads/Challenge Track 2_ Pothole severity classification via computer vision/png/Scene 2/0062.png,[]
/Users/SalehPC/Downloads/Challenge Track 2_ Pothole severity classification via computer vision/png/Scene 2/0063.png,[]
/Users/SalehPC/Downloads/Challenge Track 2_ Pothole severity classification via computer vision/png/Scene 2/0064.png,[]
/Users/SalehPC/Downloads/Challenge Track 2_ Pothole severity classification via computer vision/png/Scene 2/0065.png,[]
/Users/SalehPC/Downloads/Challenge Track 2_ Pothole severity classification via computer vision/png/Scene 2/0066.png,[]
/Users/SalehPC/Downloads/Challenge Track 2_ Pothole severity classification via computer vision/png/Scene 2/0067.png,[]
/Users/SalehPC/Downloads/Challenge Track 2_ Pothole severity classification via computer vision/png/Scene 2/0068.png,[{"label":"Severe Pothole","coordinates":{"x":1164,"y":578,"width":236,"height":98}},{"label":"Severe Pothole","coordinates":{"x":1169,"y":682,"width":186,"height":97}}]
/Users/SalehPC/Downloads/Challenge Track 2_ Pothole severity classification via computer vision/png/Scene 2/0069.png,[{"label":"Minor Pothole","coordinates":{"x":556,"y":613,"width":183,"height":69}},{"label":"Severe Pothole","coordinates":{"x":1271,"y":800,"width":364,"height":193}},{"label":"Severe Pothole","coordinates":{"x":1229,"y":639,"width":329,"height":137}}]
/Users/SalehPC/Downloads/Challenge Track 2_ Pothole severity classification via computer vision/png/Scene 2/0070.png,[{"label":"Severe Pothole","coordinates":{"x":1457,"y":992,"width":488,"height":148}},{"label":"Severe Pothole","coordinates":{"x":1328,"y":756,"width":327,"height":253}},{"label":"Minor Pothole","coordinates":{"x":472,"y":683,"width":236,"height":88}}]
/Users/SalehPC/Downloads/Challenge Track 2_ Pothole severity classification via computer vision/png/Scene 2/0071.png,[{"label":"Severe Pothole","coordinates":{"x":1545,"y":938,"width":555,"height":235}}]
/Users/SalehPC/Downloads/Challenge Track 2_ Pothole severity classification via computer vision/png/Scene 2/0072.png,[{"label":"Severe Pothole","coordinates":{"x":1240,"y":607,"width":469,"height":164}}]
/Users/SalehPC/Downloads/Challenge Track 2_ Pothole severity classification via computer vision/png/Scene 2/0073.png,[{"label":"Severe Pothole","coordinates":{"x":1296,"y":634,"width":644,"height":245}}]
/Users/SalehPC/Downloads/Challenge Track 2_ Pothole severity classification via computer vision/png/Scene 2/0074.png,[{"label":"Severe Pothole","coordinates":{"x":1432,"y":786,"width":969,"height":401}}]
/Users/SalehPC/Downloads/Challenge Track 2_ Pothole severity classification via computer vision/png/Scene 2/0075.png,[{"label":"Severe Pothole","coordinates":{"x":1467,"y":978,"width":676,"height":203}}]
/Users/SalehPC/Downloads/Challenge Track 2_ Pothole severity classification via computer vision/png/Scene 2/0076.png,[{"label":"Moderate Pothole","coordinates":{"x":302,"y":534,"width":207,"height":53}},{"label":"Moderate Pothole","coordinates":{"x":1288,"y":530,"width":288,"height":146}}]
/Users/SalehPC/Downloads/Challenge Track 2_ Pothole severity classification via computer vision/png/Scene 2/0077.png,[{"label":"Minor Pothole","coordinates":{"x":1063,"y":678,"width":93,"height":53}},{"label":"Moderate Pothole","coordinates":{"x":1297,"y":559,"width":151,"height":102}},{"label":"Moderate Pothole","coordinates":{"x":239,"y":572,"width":250,"height":87}}]
/Users/SalehPC/Downloads/Challenge Track 2_ Pothole severity classification via computer vision/png/Scene 2/0078.png,[{"label":"Moderate Pothole","coordinates":{"x":1364,"y":605,"width":183,"height":189}},{"label":"Moderate Pothole","coordinates":{"x":137,"y":596,"width":192,"height":118}},{"label":"Minor Pothole","coordinates":{"x":1103,"y":779,"width":145,"height":117}}]
/Users/SalehPC/Downloads/Challenge Track 2_ Pothole severity classification via computer vision/png/Scene 2/0079.png,[{"label":"Moderate Pothole","coordinates":{"x":56,"y":630,"width":100,"height":107}},{"label":"Moderate Pothole","coordinates":{"x":1454,"y":648,"width":165,"height":177}},{"label":"Moderate Pothole","coordinates":{"x":1127,"y":930,"width":165,"height":147}}]
/Users/SalehPC/Downloads/Challenge Track 2_ Pothole severity classification via computer vision/png/Scene 2/0080.png,[{"label":"Moderate Pothole","coordinates":{"x":1573,"y":715,"width":361,"height":292}}]
/Users/SalehPC/Downloads/Challenge Track 2_ Pothole severity classification via computer vision/png/Scene 2/0081.png,[{"label":"Moderate Pothole","coordinates":{"x":1708,"y":789,"width":366,"height":269}}]
/Users/SalehPC/Downloads/Challenge Track 2_ Pothole severity classification via computer vision/png/Scene 2/0082.png,[{"label":"Moderate Pothole","coordinates":{"x":1784,"y":875,"width":254,"height":159}}]
/Users/SalehPC/Downloads/Challenge Track 2_ Pothole severity classification via computer vision/png/Scene 2/0083.png,[]
/Users/SalehPC/Downloads/Challenge Track 2_ Pothole severity classification via computer vision/png/Scene 2/0084.png,[{"label":"Moderate Pothole","coordinates":{"x":920,"y":587,"width":133,"height":77}}]
/Users/SalehPC/Downloads/Challenge Track 2_ Pothole severity classification via computer vision/png/Scene 2/0085.png,[{"label":"Moderate Pothole","coordinates":{"x":848,"y":640,"width":217,"height":88}}]
/Users/SalehPC/Downloads/Challenge Track 2_ Pothole severity classification via computer vision/png/Scene 2/0086.png,[{"label":"Moderate Pothole","coordinates":{"x":778,"y":725,"width":170,"height":100}}]
/Users/SalehPC/Downloads/Challenge Track 2_ Pothole severity classification via computer vision/png/Scene 2/0087.png,[{"label":"Moderate Pothole","coordinates":{"x":667,"y":871,"width":308,"height":215}}]
/Users/SalehPC/Downloads/Challenge Track 2_ Pothole severity classification via computer vision/png/Scene 2/0088.png,[{"label":"Moderate Pothole","coordinates":{"x":1059,"y":564,"width":92,"height":37}},{"label":"Moderate Pothole","coordinates":{"x":456,"y":977,"width":357,"height":160}}]
/Users/SalehPC/Downloads/Challenge Track 2_ Pothole severity classification via computer vision/png/Scene 2/0089.png,[{"label":"Moderate Pothole","coordinates":{"x":1038,"y":603,"width":77,"height":43}},{"label":"Minor Pothole","coordinates":{"x":390,"y":942,"width":289,"height":149}},{"label":"Minor Pothole","coordinates":{"x":697,"y":620,"width":62,"height":60}},{"label":"Minor Pothole","coordinates":{"x":998,"y":675,"width":111,"height":61}},{"label":"Minor Pothole","coordinates":{"x":722,"y":723,"width":94,"height":44}}]
/Users/SalehPC/Downloads/Challenge Track 2_ Pothole severity classification via computer vision/png/Scene 2/0090.png,[{"label":"Moderate Pothole","coordinates":{"x":1008,"y":653,"width":99,"height":67}},{"label":"Minor Pothole","coordinates":{"x":935,"y":757,"width":89,"height":52}},{"label":"Minor Pothole","coordinates":{"x":603,"y":812,"width":187,"height":102}}]
/Users/SalehPC/Downloads/Challenge Track 2_ Pothole severity classification via computer vision/png/Scene 2/0091.png,[{"label":"Moderate Pothole","coordinates":{"x":977,"y":728,"width":143,"height":96}},{"label":"Minor Pothole","coordinates":{"x":889,"y":890,"width":103,"height":151}},{"label":"Minor Pothole","coordinates":{"x":404,"y":1005,"width":166,"height":126}},{"label":"Minor Pothole","coordinates":{"x":458,"y":742,"width":57,"height":94}}]
/Users/SalehPC/Downloads/Challenge Track 2_ Pothole severity classification via computer vision/png/Scene 2/0092.png,[{"label":"Minor Pothole","coordinates":{"x":277,"y":869,"width":115,"height":111}},{"label":"Moderate Pothole","coordinates":{"x":981,"y":878,"width":189,"height":186}}]
/Users/SalehPC/Downloads/Challenge Track 2_ Pothole severity classification via computer vision/png/Scene 2/0093.png,[{"label":"Moderate Pothole","coordinates":{"x":60,"y":1010,"width":105,"height":99}},{"label":"Moderate Pothole","coordinates":{"x":932,"y":1007,"width":147,"height":136}}]
/Users/SalehPC/Downloads/Challenge Track 2_ Pothole severity classification via computer vision/png/Scene 2/0094.png,[{"label":"Minor Pothole","coordinates":{"x":877,"y":779,"width":105,"height":197}},{"label":"Minor Pothole","coordinates":{"x":434,"y":681,"width":163,"height":103}}]
/Users/SalehPC/Downloads/Challenge Track 2_ Pothole severity classification via computer vision/png/Scene 2/0095.png,[{"label":"Minor Pothole","coordinates":{"x":860,"y":990,"width":161,"height":180}},{"label":"Minor Pothole","coordinates":{"x":285,"y":759,"width":226,"height":139}}]
/Users/SalehPC/Downloads/Challenge Track 2_ Pothole severity classification via computer vision/png/Scene 2/0096.png,[{"label":"Minor Pothole","coordinates":{"x":88,"y":940,"width":151,"height":182}}]
/Users/SalehPC/Downloads/Challenge Track 2_ Pothole severity classification via computer vision/png/Scene 2/0097.png,[]
/Users/SalehPC/Downloads/Challenge Track 2_ Pothole severity classification via computer vision/png/Scene 2/0098.png,[{"label":"Minor Pothole","coordinates":{"x":330,"y":738,"width":208,"height":195}}]
/Users/SalehPC/Downloads/Challenge Track 2_ Pothole severity classification via computer vision/png/Scene 2/0099.png,[]
/Users/SalehPC/Downloads/Challenge Track 2_ Pothole severity classification via computer vision/png/Scene 2/0100.png,[]
/Users/SalehPC/Downloads/Challenge Track 2_ Pothole severity classification via computer vision/png/Scene 2/0101.png,[]
/Users/SalehPC/Downloads/Challenge Track 2_ Pothole severity classification via computer vision/png/Scene 2/0102.png,[]
/Users/SalehPC/Downloads/Challenge Track 2_ Pothole severity classification via computer vision/png/Scene 2/0103.png,[]
/Users/SalehPC/Downloads/Challenge Track 2_ Pothole severity classification via computer vision/png/Scene 2/0104.png,[{"label":"Minor Pothole","coordinates":{"x":1196,"y":575,"width":171,"height":88}}]
/Users/SalehPC/Downloads/Challenge Track 2_ Pothole severity classification via computer vision/png/Scene 2/0105.png,[{"label":"Minor Pothole","coordinates":{"x":1272,"y":649,"width":76,"height":52}}]
/Users/SalehPC/Downloads/Challenge Track 2_ Pothole severity classification via computer vision/png/Scene 2/0106.png,[{"label":"Severe Pothole","coordinates":{"x":510,"y":540,"width":150,"height":77}},{"label":"Severe Pothole","coordinates":{"x":373,"y":609,"width":137,"height":85}},{"label":"Minor Pothole","coordinates":{"x":1408,"y":775,"width":160,"height":106}}]
/Users/SalehPC/Downloads/Challenge Track 2_ Pothole severity classification via computer vision/png/Scene 2/0107.png,[{"label":"Minor Pothole","coordinates":{"x":1610,"y":991,"width":237,"height":130}},{"label":"Severe Pothole","coordinates":{"x":393,"y":577,"width":156,"height":85}},{"label":"Severe Pothole","coordinates":{"x":222,"y":682,"width":223,"height":107}}]
/Users/SalehPC/Downloads/Challenge Track 2_ Pothole severity classification via computer vision/png/Scene 2/0108.png,[{"label":"Severe Pothole","coordinates":{"x":274,"y":623,"width":179,"height":123}}]
/Users/SalehPC/Downloads/Challenge Track 2_ Pothole severity classification via computer vision/png/Scene 2/0109.png,[{"label":"Severe Pothole","coordinates":{"x":81,"y":714,"width":81,"height":135}}]
/Users/SalehPC/Downloads/Challenge Track 2_ Pothole severity classification via computer vision/png/Scene 2/0110.png,[]
/Users/SalehPC/Downloads/Challenge Track 2_ Pothole severity classification via computer vision/png/Scene 2/0111.png,[]
/Users/SalehPC/Downloads/Challenge Track 2_ Pothole severity classification via computer vision/png/Scene 2/0112.png,[{"label":"Severe Pothole","coordinates":{"x":1454,"y":550,"width":276,"height":128}}]
/Users/SalehPC/Downloads/Challenge Track 2_ Pothole severity classification via computer vision/png/Scene 2/0113.png,[{"label":"Severe Pothole","coordinates":{"x":1567,"y":619,"width":280,"height":126}}]
/Users/SalehPC/Downloads/Challenge Track 2_ Pothole severity classification via computer vision/png/Scene 2/0114.png,[{"label":"Minor Pothole","coordinates":{"x":378,"y":853,"width":294,"height":178}},{"label":"Minor Pothole","coordinates":{"x":1299,"y":659,"width":104,"height":80}},{"label":"Minor Pothole","coordinates":{"x":1365,"y":776,"width":118,"height":86}},{"label":"Severe Pothole","coordinates":{"x":1067,"y":595,"width":187,"height":93}},{"label":"Severe Pothole","coordinates":{"x":1713,"y":689,"width":358,"height":186}}]
/Users/SalehPC/Downloads/Challenge Track 2_ Pothole severity classification via computer vision/png/Scene 2/0115.png,[{"label":"Severe Pothole","coordinates":{"x":1854,"y":784,"width":100,"height":168}},{"label":"Minor Pothole","coordinates":{"x":1137,"y":899,"width":168,"height":115}},{"label":"Minor Pothole","coordinates":{"x":1570,"y":1011,"width":211,"height":119}},{"label":"Minor Pothole","coordinates":{"x":1418,"y":772,"width":196,"height":137}},{"label":"Severe Pothole","coordinates":{"x":1058,"y":640,"width":186,"height":104}}]
/Users/SalehPC/Downloads/Challenge Track 2_ Pothole severity classification via computer vision/png/Scene 2/0116.png,[{"label":"Severe Pothole","coordinates":{"x":1111,"y":762,"width":165,"height":82}}]
/Users/SalehPC/Downloads/Challenge Track 2_ Pothole severity classification via computer vision/png/Scene 2/0117.png,[{"label":"Severe Pothole","coordinates":{"x":1187,"y":916,"width":214,"height":217}}]
/Users/SalehPC/Downloads/Challenge Track 2_ Pothole severity classification via computer vision/png/Scene 2/0118.png,[]
/Users/SalehPC/Downloads/Challenge Track 2_ Pothole severity classification via computer vision/png/Scene 2/0119.png,[]
/Users/SalehPC/Downloads/Challenge Track 2_ Pothole severity classification via computer vision/png/Scene 2/0120.png,[]
/Users/SalehPC/Downloads/Challenge Track 2_ Pothole severity classification via computer vision/png/Scene 2/0121.png,[]
/Users/SalehPC/Downloads/Challenge Track 2_ Pothole severity classification via computer vision/png/Scene 2/0122.png,[]
/Users/SalehPC/Downloads/Challenge Track 2_ Pothole severity classification via computer vision/png/Scene 2/0123.png,[]
/Users/SalehPC/Downloads/Challenge Track 2_ Pothole severity classification via computer vision/png/Scene 2/0124.png,[]
/Users/SalehPC/Downloads/Challenge Track 2_ Pothole severity classification via computer vision/png/Scene 2/0125.png,[]
/Users/SalehPC/Downloads/Challenge Track 2_ Pothole severity classification via computer vision/png/Scene 2/0126.png,[{"label":"Moderate Pothole","coordinates":{"x":387,"y":583,"width":147,"height":77}}]
/Users/SalehPC/Downloads/Challenge Track 2_ Pothole severity classification via computer vision/png/Scene 2/0127.png,[{"label":"Moderate Pothole","coordinates":{"x":295,"y":641,"width":179,"height":81}}]
/Users/SalehPC/Downloads/Challenge Track 2_ Pothole severity classification via computer vision/png/Scene 2/0128.png,[{"label":"Moderate Pothole","coordinates":{"x":100,"y":736,"width":198,"height":129}}]
/Users/SalehPC/Downloads/Challenge Track 2_ Pothole severity classification via computer vision/png/Scene 2/0129.png,[{"label":"Minor Pothole","coordinates":{"x":957,"y":620,"width":48,"height":71}}]
/Users/SalehPC/Downloads/Challenge Track 2_ Pothole severity classification via computer vision/png/Scene 2/0130.png,[{"label":"Minor Pothole","coordinates":{"x":955,"y":715,"width":151,"height":99}}]
/Users/SalehPC/Downloads/Challenge Track 2_ Pothole severity classification via computer vision/png/Scene 2/0131.png,[{"label":"Minor Pothole","coordinates":{"x":985,"y":894,"width":124,"height":212}}]
/Users/SalehPC/Downloads/Challenge Track 2_ Pothole severity classification via computer vision/png/Scene 2/0132.png,[{"label":"Severe Pothole","coordinates":{"x":393,"y":530,"width":168,"height":57}}]
/Users/SalehPC/Downloads/Challenge Track 2_ Pothole severity classification via computer vision/png/Scene 2/0133.png,[{"label":"Severe Pothole","coordinates":{"x":433,"y":449,"width":176,"height":56}},{"label":"Severe Pothole","coordinates":{"x":688,"y":544,"width":126,"height":60}},{"label":"Severe Pothole","coordinates":{"x":256,"y":580,"width":198,"height":99}}]
/Users/SalehPC/Downloads/Challenge Track 2_ Pothole severity classification via computer vision/png/Scene 2/0134.png,[{"label":"Severe Pothole","coordinates":{"x":399,"y":469,"width":231,"height":76}},{"label":"Severe Pothole","coordinates":{"x":612,"y":576,"width":130,"height":92}},{"label":"Severe Pothole","coordinates":{"x":144,"y":628,"width":174,"height":90}}]
/Users/SalehPC/Downloads/Challenge Track 2_ Pothole severity classification via computer vision/png/Scene 2/0135.png,[{"label":"Severe Pothole","coordinates":{"x":358,"y":477,"width":266,"height":92}},{"label":"Severe Pothole","coordinates":{"x":532,"y":625,"width":133,"height":41}}]
/Users/SalehPC/Downloads/Challenge Track 2_ Pothole severity classification via computer vision/png/Scene 2/0136.png,[{"label":"Severe Pothole","coordinates":{"x":293,"y":472,"width":345,"height":112}},{"label":"Severe Pothole","coordinates":{"x":376,"y":698,"width":233,"height":104}}]
/Users/SalehPC/Downloads/Challenge Track 2_ Pothole severity classification via computer vision/png/Scene 2/0137.png,[{"label":"Severe Pothole","coordinates":{"x":237,"y":486,"width":357,"height":124}},{"label":"Severe Pothole","coordinates":{"x":188,"y":817,"width":261,"height":209}}]
/Users/SalehPC/Downloads/Challenge Track 2_ Pothole severity classification via computer vision/png/Scene 2/0138.png,[{"label":"Severe Pothole","coordinates":{"x":164,"y":541,"width":304,"height":200}}]
/Users/SalehPC/Downloads/Challenge Track 2_ Pothole severity classification via computer vision/png/Scene 2/0139.png,[{"label":"Severe Pothole","coordinates":{"x":167,"y":502,"width":142,"height":79}}]
/Users/SalehPC/Downloads/Challenge Track 2_ Pothole severity classification via computer vision/png/Scene 2/0140.png,[]
/Users/SalehPC/Downloads/Challenge Track 2_ Pothole severity classification via computer vision/png/Scene 2/0141.png,[]
/Users/SalehPC/Downloads/Challenge Track 2_ Pothole severity classification via computer vision/png/Scene 2/0142.png,[]
/Users/SalehPC/Downloads/Challenge Track 2_ Pothole severity classification via computer vision/png/Scene 2/0143.png,[]
/Users/SalehPC/Downloads/Challenge Track 2_ Pothole severity classification via computer vision/png/Scene 2/0144.png,[{"label":"Moderate Pothole","coordinates":{"x":1048,"y":581,"width":119,"height":58}}]
/Users/SalehPC/Downloads/Challenge Track 2_ Pothole severity classification via computer vision/png/Scene 2/0145.png,[{"label":"Moderate Pothole","coordinates":{"x":1074,"y":660,"width":87,"height":64}}]
/Users/SalehPC/Downloads/Challenge Track 2_ Pothole severity classification via computer vision/png/Scene 2/0146.png,[{"label":"Moderate Pothole","coordinates":{"x":1121,"y":808,"width":113,"height":93}}]
/Users/SalehPC/Downloads/Challenge Track 2_ Pothole severity classification via computer vision/png/Scene 2/0147.png,[{"label":"Moderate Pothole","coordinates":{"x":1213,"y":1036,"width":239,"height":85}}]
/Users/SalehPC/Downloads/Challenge Track 2_ Pothole severity classification via computer vision/png/Scene 2/0148.png,[]
/Users/SalehPC/Downloads/Challenge Track 2_ Pothole severity classification via computer vision/png/Scene 2/0149.png,[]
/Users/SalehPC/Downloads/Challenge Track 2_ Pothole severity classification via computer vision/png/Scene 2/0150.png,[]
/Users/SalehPC/Downloads/Challenge Track 2_ Pothole severity classification via computer vision/png/Scene 2/0151.png,[{"label":"Moderate Pothole","coordinates":{"x":737,"y":546,"width":137,"height":66}},{"label":"Moderate Pothole","coordinates":{"x":609,"y":556,"width":89,"height":54}}]
/Users/SalehPC/Downloads/Challenge Track 2_ Pothole severity classification via computer vision/png/Scene 2/0152.png,[{"label":"Moderate Pothole","coordinates":{"x":671,"y":593,"width":120,"height":76}},{"label":"Moderate Pothole","coordinates":{"x":540,"y":602,"width":91,"height":67}}]
/Users/SalehPC/Downloads/Challenge Track 2_ Pothole severity classification via computer vision/png/Scene 2/0153.png,[{"label":"Moderate Pothole","coordinates":{"x":629,"y":631,"width":136,"height":71}},{"label":"Moderate Pothole","coordinates":{"x":563,"y":681,"width":134,"height":67}},{"label":"Moderate Pothole","coordinates":{"x":415,"y":701,"width":151,"height":62}}]
/Users/SalehPC/Downloads/Challenge Track 2_ Pothole severity classification via computer vision/png/Scene 2/0154.png,[{"label":"Moderate Pothole","coordinates":{"x":475,"y":762,"width":200,"height":126}},{"label":"Moderate Pothole","coordinates":{"x":336,"y":874,"width":204,"height":145}},{"label":"Moderate Pothole","coordinates":{"x":110,"y":875,"width":212,"height":129}}]
/Users/SalehPC/Downloads/Challenge Track 2_ Pothole severity classification via computer vision/png/Scene 2/0155.png,[{"label":"Moderate Pothole","coordinates":{"x":172,"y":973,"width":242,"height":133}}]
/Users/SalehPC/Downloads/Challenge Track 2_ Pothole severity classification via computer vision/png/Scene 2/0156.png,[]
/Users/SalehPC/Downloads/Challenge Track 2_ Pothole severity classification via computer vision/png/Scene 2/0157.png,[]
/Users/SalehPC/Downloads/Challenge Track 2_ Pothole severity classification via computer vision/png/Scene 2/0158.png,[]
/Users/SalehPC/Downloads/Challenge Track 2_ Pothole severity classification via computer vision/png/Scene 2/0159.png,[{"label":"Minor Pothole","coordinates":{"x":1111,"y":746,"width":124,"height":92}}]
/Users/SalehPC/Downloads/Challenge Track 2_ Pothole severity classification via computer vision/png/Scene 2/0160.png,[{"label":"Minor Pothole","coordinates":{"x":1170,"y":1041,"width":140,"height":66}}]
/Users/SalehPC/Downloads/Challenge Track 2_ Pothole severity classification via computer vision/png/Scene 2/0161.png,[]
/Users/SalehPC/Downloads/Challenge Track 2_ Pothole severity classification via computer vision/png/Scene 2/0162.png,[]
/Users/SalehPC/Downloads/Challenge Track 2_ Pothole severity classification via computer vision/png/Scene 2/0163.png,[]
/Users/SalehPC/Downloads/Challenge Track 2_ Pothole severity classification via computer vision/png/Scene 2/0164.png,[{"label":"Moderate Pothole","coordinates":{"x":789,"y":484,"width":73,"height":48}}]
/Users/SalehPC/Downloads/Challenge Track 2_ Pothole severity classification via computer vision/png/Scene 2/0165.png,[{"label":"Moderate Pothole","coordinates":{"x":765,"y":523,"width":99,"height":70}}]
/Users/SalehPC/Downloads/Challenge Track 2_ Pothole severity classification via computer vision/png/Scene 2/0166.png,[{"label":"Moderate Pothole","coordinates":{"x":711,"y":560,"width":93,"height":50}}]
/Users/SalehPC/Downloads/Challenge Track 2_ Pothole severity classification via computer vision/png/Scene 2/0167.png,[{"label":"Moderate Pothole","coordinates":{"x":652,"y":622,"width":162,"height":108}}]
/Users/SalehPC/Downloads/Challenge Track 2_ Pothole severity classification via computer vision/png/Scene 2/0168.png,[{"label":"Moderate Pothole","coordinates":{"x":476,"y":721,"width":237,"height":139}}]
/Users/SalehPC/Downloads/Challenge Track 2_ Pothole severity classification via computer vision/png/Scene 2/0169.png,[{"label":"Moderate Pothole","coordinates":{"x":178,"y":964,"width":283,"height":224}}]
/Users/SalehPC/Downloads/Challenge Track 2_ Pothole severity classification via computer vision/png/Scene 2/0170.png,[]
/Users/SalehPC/Downloads/Challenge Track 2_ Pothole severity classification via computer vision/png/Scene 2/0171.png,[]
/Users/SalehPC/Downloads/Challenge Track 2_ Pothole severity classification via computer vision/png/Scene 2/0172.png,[]
/Users/SalehPC/Downloads/Challenge Track 2_ Pothole severity classification via computer vision/png/Scene 2/0173.png,[]