filename,width,height,label,xmin,ymin,xmax,ymax
/Users/SalehPC/Downloads/Challenge Track 2_ Pothole severity classification via computer vision/png/Scene 2/0002.png,1920,1080,Minor Pothole,647,728,848,833
/Users/SalehPC/Downloads/Challenge Track 2_ Pothole severity classification via computer vision/png/Scene 2/0003.png,1920,1080,Minor Pothole,573,841,744,997
/Users/SalehPC/Downloads/Challenge Track 2_ Pothole severity classification via computer vision/png/Scene 2/0004.png,1920,1080,Minor Pothole,678,719,829,810
/Users/SalehPC/Downloads/Challenge Track 2_ Pothole severity classification via computer vision/png/Scene 2/0005.png,1920,1080,Minor Pothole,561,878,709,996
/Users/SalehPC/Downloads/Challenge Track 2_ Pothole severity classification via computer vision/png/Scene 2/0010.png,1920,1080,Severe Pothole,809,579,998,635
/Users/SalehPC/Downloads/Challenge Track 2_ Pothole severity classification via computer vision/png/Scene 2/0011.png,1920,1080,Severe Pothole,749,685,976,804
/Users/SalehPC/Downloads/Challenge Track 2_ Pothole severity classification via computer vision/png/Scene 2/0012.png,1920,1080,Severe Pothole,613,898,963,1079
/Users/SalehPC/Downloads/Challenge Track 2_ Pothole severity classification via computer vision/png/Scene 2/0013.png,1920,1080,Moderate Pothole,401,421,483,453
/Users/SalehPC/Downloads/Challenge Track 2_ Pothole severity classification via computer vision/png/Scene 2/0014.png,1920,1080,Moderate Pothole,294,428,447,466
/Users/SalehPC/Downloads/Challenge Track 2_ Pothole severity classification via computer vision/png/Scene 2/0015.png,1920,1080,Moderate Pothole,514,405,653,457
/Users/SalehPC/Downloads/Challenge Track 2_ Pothole severity classification via computer vision/png/Scene 2/0016.png,1920,1080,Moderate Pothole,489,388,622,454
/Users/SalehPC/Downloads/Challenge Track 2_ Pothole severity classification via computer vision/png/Scene 2/0016.png,1920,1080,Moderate Pothole,134,436,245,512
/Users/SalehPC/Downloads/Challenge Track 2_ Pothole severity classification via computer vision/png/Scene 2/0017.png,1920,1080,Moderate Pothole,4,459,152,574
/Users/SalehPC/Downloads/Challenge Track 2_ Pothole severity classification via computer vision/png/Scene 2/0017.png,1920,1080,Severe Pothole,472,406,562,440
/Users/SalehPC/Downloads/Challenge Track 2_ Pothole severity classification via computer vision/png/Scene 2/0018.png,1920,1080,Severe Pothole,410,402,532,456
/Users/SalehPC/Downloads/Challenge Track 2_ Pothole severity classification via computer vision/png/Scene 2/0019.png,1920,1080,Severe Pothole,333,420,482,486
/Users/SalehPC/Downloads/Challenge Track 2_ Pothole severity classification via computer vision/png/Scene 2/0020.png,1920,1080,Severe Pothole,262,422,420,490
/Users/SalehPC/Downloads/Challenge Track 2_ Pothole severity classification via computer vision/png/Scene 2/0021.png,1920,1080,Severe Pothole,150,467,388,500
/Users/SalehPC/Downloads/Challenge Track 2_ Pothole severity classification via computer vision/png/Scene 2/0022.png,1920,1080,Severe Pothole,38,480,258,560
/Users/SalehPC/Downloads/Challenge Track 2_ Pothole severity classification via computer vision/png/Scene 2/0031.png,1920,1080,Severe Pothole,879,439,1148,564
/Users/SalehPC/Downloads/Challenge Track 2_ Pothole severity classification via computer vision/png/Scene 2/0032.png,1920,1080,Severe Pothole,842,455,1195,638
/Users/SalehPC/Downloads/Challenge Track 2_ Pothole severity classification via computer vision/png/Scene 2/0033.png,1920,1080,Moderate Pothole,572,464,659,550
/Users/SalehPC/Downloads/Challenge Track 2_ Pothole severity classification via computer vision/png/Scene 2/0033.png,1920,1080,Minor Pothole,249,570,384,670
/Users/SalehPC/Downloads/Challenge Track 2_ Pothole severity classification via computer vision/png/Scene 2/0033.png,1920,1080,Severe Pothole,859,479,1166,559
/Users/SalehPC/Downloads/Challenge Track 2_ Pothole severity classification via computer vision/png/Scene 2/0033.png,1920,1080,Severe Pothole,847,557,1208,709
/Users/SalehPC/Downloads/Challenge Track 2_ Pothole severity classification via computer vision/png/Scene 2/0034.png,1920,1080,Moderate Pothole,496,528,619,562
/Users/SalehPC/Downloads/Challenge Track 2_ Pothole severity classification via computer vision/png/Scene 2/0034.png,1920,1080,Minor Pothole,44,654,232,736
/Users/SalehPC/Downloads/Challenge Track 2_ Pothole severity classification via computer vision/png/Scene 2/0034.png,1920,1080,Severe Pothole,850,532,1220,619
/Users/SalehPC/Downloads/Challenge Track 2_ Pothole severity classification via computer vision/png/Scene 2/0034.png,1920,1080,Severe Pothole,793,630,1401,808
/Users/SalehPC/Downloads/Challenge Track 2_ Pothole severity classification via computer vision/png/Scene 2/0035.png,1920,1080,Moderate Pothole,393,559,559,643
/Users/SalehPC/Downloads/Challenge Track 2_ Pothole severity classification via computer vision/png/Scene 2/0035.png,1920,1080,Severe Pothole,812,593,1117,716
/Users/SalehPC/Downloads/Challenge Track 2_ Pothole severity classification via computer vision/png/Scene 2/0035.png,1920,1080,Severe Pothole,664,782,1114,1011
/Users/SalehPC/Downloads/Challenge Track 2_ Pothole severity classification via computer vision/png/Scene 2/0036.png,1920,1080,Severe Pothole,734,655,1330,857
/Users/SalehPC/Downloads/Challenge Track 2_ Pothole severity classification via computer vision/png/Scene 2/0036.png,1920,1080,Moderate Pothole,173,643,433,730
/Users/SalehPC/Downloads/Challenge Track 2_ Pothole severity classification via computer vision/png/Scene 2/0037.png,1920,1080,Moderate Pothole,22,714,187,863
/Users/SalehPC/Downloads/Challenge Track 2_ Pothole severity classification via computer vision/png/Scene 2/0037.png,1920,1080,Severe Pothole,563,823,1590,1079
/Users/SalehPC/Downloads/Challenge Track 2_ Pothole severity classification via computer vision/png/Scene 2/0042.png,1920,1080,Moderate Pothole,815,509,1121,652
/Users/SalehPC/Downloads/Challenge Track 2_ Pothole severity classification via computer vision/png/Scene 2/0043.png,1920,1080,Moderate Pothole,840,634,1126,721
/Users/SalehPC/Downloads/Challenge Track 2_ Pothole severity classification via computer vision/png/Scene 2/0044.png,1920,1080,Moderate Pothole,794,681,1178,842
/Users/SalehPC/Downloads/Challenge Track 2_ Pothole severity classification via computer vision/png/Scene 2/0045.png,1920,1080,Moderate Pothole,790,852,1260,1079
/Users/SalehPC/Downloads/Challenge Track 2_ Pothole severity classification via computer vision/png/Scene 2/0052.png,1920,1080,Minor Pothole,53,506,475,652
/Users/SalehPC/Downloads/Challenge Track 2_ Pothole severity classification via computer vision/png/Scene 2/0053.png,1920,1080,Moderate Pothole,116,494,423,593
/Users/SalehPC/Downloads/Challenge Track 2_ Pothole severity classification via computer vision/png/Scene 2/0059.png,1920,1080,Minor Pothole,307,515,440,597
/Users/SalehPC/Downloads/Challenge Track 2_ Pothole severity classification via computer vision/png/Scene 2/0060.png,1920,1080,Minor Pothole,132,569,335,665
/Users/SalehPC/Downloads/Challenge Track 2_ Pothole severity classification via computer vision/png/Scene 2/0068.png,1920,1080,Severe Pothole,1046,530,1281,627
/Users/SalehPC/Downloads/Challenge Track 2_ Pothole severity classification via computer vision/png/Scene 2/0068.png,1920,1080,Severe Pothole,1076,634,1261,730
/Users/SalehPC/Downloads/Challenge Track 2_ Pothole severity classification via computer vision/png/Scene 2/0069.png,1920,1080,Minor Pothole,465,579,647,647
/Users/SalehPC/Downloads/Challenge Track 2_ Pothole severity classification via computer vision/png/Scene 2/0069.png,1920,1080,Severe Pothole,1089,704,1452,896
/Users/SalehPC/Downloads/Challenge Track 2_ Pothole severity classification via computer vision/png/Scene 2/0069.png,1920,1080,Severe Pothole,1065,571,1393,707
/Users/SalehPC/Downloads/Challenge Track 2_ Pothole severity classification via computer vision/png/Scene 2/0070.png,1920,1080,Severe Pothole,1213,918,1700,1065
/Users/SalehPC/Downloads/Challenge Track 2_ Pothole severity classification via computer vision/png/Scene 2/0070.png,1920,1080,Severe Pothole,1165,630,1491,882
/Users/SalehPC/Downloads/Challenge Track 2_ Pothole severity classification via computer vision/png/Scene 2/0070.png,1920,1080,Minor Pothole,355,639,590,726
/Users/SalehPC/Downloads/Challenge Track 2_ Pothole severity classification via computer vision/png/Scene 2/0071.png,1920,1080,Severe Pothole,1268,821,1822,1055
/Users/SalehPC/Downloads/Challenge Track 2_ Pothole severity classification via computer vision/png/Scene 2/0072.png,1920,1080,Severe Pothole,1006,526,1474,689
/Users/SalehPC/Downloads/Challenge Track 2_ Pothole severity classification via computer vision/png/Scene 2/0073.png,1920,1080,Severe Pothole,974,513,1617,757
/Users/SalehPC/Downloads/Challenge Track 2_ Pothole severity classification via computer vision/png/Scene 2/0074.png,1920,1080,Severe Pothole,948,586,1916,986
/Users/SalehPC/Downloads/Challenge Track 2_ Pothole severity classification via computer vision/png/Scene 2/0075.png,1920,1080,Severe Pothole,1129,877,1804,1079
/Users/SalehPC/Downloads/Challenge Track 2_ Pothole severity classification via computer vision/png/Scene 2/0076.png,1920,1080,Moderate Pothole,199,508,405,560
/Users/SalehPC/Downloads/Challenge Track 2_ Pothole severity classification via computer vision/png/Scene 2/0076.png,1920,1080,Moderate Pothole,1144,458,1431,603
/Users/SalehPC/Downloads/Challenge Track 2_ Pothole severity classification via computer vision/png/Scene 2/0077.png,1920,1080,Minor Pothole,1017,652,1109,704
/Users/SalehPC/Downloads/Challenge Track 2_ Pothole severity classification via computer vision/png/Scene 2/0077.png,1920,1080,Moderate Pothole,1222,509,1372,610
/Users/SalehPC/Downloads/Challenge Track 2_ Pothole severity classification via computer vision/png/Scene 2/0077.png,1920,1080,Moderate Pothole,115,530,364,616
/Users/SalehPC/Downloads/Challenge Track 2_ Pothole severity classification via computer vision/png/Scene 2/0078.png,1920,1080,Moderate Pothole,1273,512,1455,700
/Users/SalehPC/Downloads/Challenge Track 2_ Pothole severity classification via computer vision/png/Scene 2/0078.png,1920,1080,Moderate Pothole,42,538,233,655
/Users/SalehPC/Downloads/Challenge Track 2_ Pothole severity classification via computer vision/png/Scene 2/0078.png,1920,1080,Minor Pothole,1031,721,1175,837
/Users/SalehPC/Downloads/Challenge Track 2_ Pothole severity classification via computer vision/png/Scene 2/0079.png,1920,1080,Moderate Pothole,7,577,106,683
/Users/SalehPC/Downloads/Challenge Track 2_ Pothole severity classification via computer vision/png/Scene 2/0079.png,1920,1080,Moderate Pothole,1372,560,1536,736
/Users/SalehPC/Downloads/Challenge Track 2_ Pothole severity classification via computer vision/png/Scene 2/0079.png,1920,1080,Moderate Pothole,1045,857,1209,1003
/Users/SalehPC/Downloads/Challenge Track 2_ Pothole severity classification via computer vision/png/Scene 2/0080.png,1920,1080,Moderate Pothole,1393,569,1753,860
/Users/SalehPC/Downloads/Challenge Track 2_ Pothole severity classification via computer vision/png/Scene 2/0081.png,1920,1080,Moderate Pothole,1525,655,1890,923
/Users/SalehPC/Downloads/Challenge Track 2_ Pothole severity classification via computer vision/png/Scene 2/0082.png,1920,1080,Moderate Pothole,1657,796,1910,954
/Users/SalehPC/Downloads/Challenge Track 2_ Pothole severity classification via computer vision/png/Scene 2/0084.png,1920,1080,Moderate Pothole,854,549,986,625
/Users/SalehPC/Downloads/Challenge Track 2_ Pothole severity classification via computer vision/png/Scene 2/0085.png,1920,1080,Moderate Pothole,740,596,956,683
/Users/SalehPC/Downloads/Challenge Track 2_ Pothole severity classification via computer vision/png/Scene 2/0086.png,1920,1080,Moderate Pothole,694,675,863,774
/Users/SalehPC/Downloads/Challenge Track 2_ Pothole severity classification via computer vision/png/Scene 2/0087.png,1920,1080,Moderate Pothole,514,764,821,978
/Users/SalehPC/Downloads/Challenge Track 2_ Pothole severity classification via computer vision/png/Scene 2/0088.png,1920,1080,Moderate Pothole,1013,546,1104,582
/Users/SalehPC/Downloads/Challenge Track 2_ Pothole severity classification via computer vision/png/Scene 2/0088.png,1920,1080,Moderate Pothole,278,897,634,1056
/Users/SalehPC/Downloads/Challenge Track 2_ Pothole severity classification via computer vision/png/Scene 2/0089.png,1920,1080,Moderate Pothole,1000,582,1076,624
/Users/SalehPC/Downloads/Challenge Track 2_ Pothole severity classification via computer vision/png/Scene 2/0089.png,1920,1080,Minor Pothole,246,868,534,1016
/Users/SalehPC/Downloads/Challenge Track 2_ Pothole severity classification via computer vision/png/Scene 2/0089.png,1920,1080,Minor Pothole,667,590,728,649
/Users/SalehPC/Downloads/Challenge Track 2_ Pothole severity classification via computer vision/png/Scene 2/0089.png,1920,1080,Minor Pothole,944,645,1054,705
/Users/SalehPC/Downloads/Challenge Track 2_ Pothole severity classification via computer vision/png/Scene 2/0089.png,1920,1080,Minor Pothole,676,701,769,744
/Users/SalehPC/Downloads/Challenge Track 2_ Pothole severity classification via computer vision/png/Scene 2/0090.png,1920,1080,Moderate Pothole,959,620,1057,686
/Users/SalehPC/Downloads/Challenge Track 2_ Pothole severity classification via computer vision/png/Scene 2/0090.png,1920,1080,Minor Pothole,891,731,979,782
/Users/SalehPC/Downloads/Challenge Track 2_ Pothole severity classification via computer vision/png/Scene 2/0090.png,1920,1080,Minor Pothole,510,761,696,862
/Users/SalehPC/Downloads/Challenge Track 2_ Pothole severity classification via computer vision/png/Scene 2/0091.png,1920,1080,Moderate Pothole,907,680,1049,775
/Users/SalehPC/Downloads/Challenge Track 2_ Pothole severity classification via computer vision/png/Scene 2/0091.png,1920,1080,Minor Pothole,838,815,940,965
/Users/SalehPC/Downloads/Challenge Track 2_ Pothole severity classification via computer vision/png/Scene 2/0091.png,1920,1080,Minor Pothole,322,942,487,1067
/Users/SalehPC/Downloads/Challenge Track 2_ Pothole severity classification via computer vision/png/Scene 2/0091.png,1920,1080,Minor Pothole,430,695,486,788
/Users/SalehPC/Downloads/Challenge Track 2_ Pothole severity classification via computer vision/png/Scene 2/0092.png,1920,1080,Minor Pothole,220,814,334,924
/Users/SalehPC/Downloads/Challenge Track 2_ Pothole severity classification via computer vision/png/Scene 2/0092.png,1920,1080,Moderate Pothole,888,785,1076,970
/Users/SalehPC/Downloads/Challenge Track 2_ Pothole severity classification via computer vision/png/Scene 2/0093.png,1920,1080,Moderate Pothole,8,961,112,1059
/Users/SalehPC/Downloads/Challenge Track 2_ Pothole severity classification via computer vision/png/Scene 2/0093.png,1920,1080,Moderate Pothole,859,939,1005,1074
/Users/SalehPC/Downloads/Challenge Track 2_ Pothole severity classification via computer vision/png/Scene 2/0094.png,1920,1080,Minor Pothole,825,681,929,877
/Users/SalehPC/Downloads/Challenge Track 2_ Pothole severity classification via computer vision/png/Scene 2/0094.png,1920,1080,Minor Pothole,353,630,515,732
/Users/SalehPC/Downloads/Challenge Track 2_ Pothole severity classification via computer vision/png/Scene 2/0095.png,1920,1080,Minor Pothole,780,900,940,1079
/Users/SalehPC/Downloads/Challenge Track 2_ Pothole severity classification via computer vision/png/Scene 2/0095.png,1920,1080,Minor Pothole,173,690,398,828
/Users/SalehPC/Downloads/Challenge Track 2_ Pothole severity classification via computer vision/png/Scene 2/0096.png,1920,1080,Minor Pothole,13,849,163,1030
/Users/SalehPC/Downloads/Challenge Track 2_ Pothole severity classification via computer vision/png/Scene 2/0098.png,1920,1080,Minor Pothole,227,641,434,835
/Users/SalehPC/Downloads/Challenge Track 2_ Pothole severity classification via computer vision/png/Scene 2/0104.png,1920,1080,Minor Pothole,1111,532,1281,619
/Users/SalehPC/Downloads/Challenge Track 2_ Pothole severity classification via computer vision/png/Scene 2/0105.png,1920,1080,Minor Pothole,1234,623,1309,674
/Users/SalehPC/Downloads/Challenge Track 2_ Pothole severity classification via computer vision/png/Scene 2/0106.png,1920,1080,Severe Pothole,436,502,585,578
/Users/SalehPC/Downloads/Challenge Track 2_ Pothole severity classification via computer vision/png/Scene 2/0106.png,1920,1080,Severe Pothole,305,567,441,651
/Users/SalehPC/Downloads/Challenge Track 2_ Pothole severity classification via computer vision/png/Scene 2/0106.png,1920,1080,Minor Pothole,1328,722,1487,827
/Users/SalehPC/Downloads/Challenge Track 2_ Pothole severity classification via computer vision/png/Scene 2/0107.png,1920,1080,Minor Pothole,1492,926,1728,1055
/Users/SalehPC/Downloads/Challenge Track 2_ Pothole severity classification via computer vision/png/Scene 2/0107.png,1920,1080,Severe Pothole,316,536,471,620
/Users/SalehPC/Downloads/Challenge Track 2_ Pothole severity classification via computer vision/png/Scene 2/0107.png,1920,1080,Severe Pothole,111,629,333,735
/Users/SalehPC/Downloads/Challenge Track 2_ Pothole severity classification via computer vision/png/Scene 2/0108.png,1920,1080,Severe Pothole,185,562,363,684
/Users/SalehPC/Downloads/Challenge Track 2_ Pothole severity classification via computer vision/png/Scene 2/0109.png,1920,1080,Severe Pothole,41,647,121,781
/Users/SalehPC/Downloads/Challenge Track 2_ Pothole severity classification via computer vision/png/Scene 2/0112.png,1920,1080,Severe Pothole,1316,487,1591,614
/Users/SalehPC/Downloads/Challenge Track 2_ Pothole severity classification via computer vision/png/Scene 2/0113.png,1920,1080,Severe Pothole,1427,556,1706,681
/Users/SalehPC/Downloads/Challenge Track 2_ Pothole severity classification via computer vision/png/Scene 2/0114.png,1920,1080,Minor Pothole,232,764,525,941
/Users/SalehPC/Downloads/Challenge Track 2_ Pothole severity classification via computer vision/png/Scene 2/0114.png,1920,1080,Minor Pothole,1247,619,1350,698
/Users/SalehPC/Downloads/Challenge Track 2_ Pothole severity classification via computer vision/png/Scene 2/0114.png,1920,1080,Minor Pothole,1306,733,1423,818
/Users/SalehPC/Downloads/Challenge Track 2_ Pothole severity classification via computer vision/png/Scene 2/0114.png,1920,1080,Severe Pothole,974,549,1160,641
/Users/SalehPC/Downloads/Challenge Track 2_ Pothole severity classification via computer vision/png/Scene 2/0114.png,1920,1080,Severe Pothole,1534,596,1891,781
/Users/SalehPC/Downloads/Challenge Track 2_ Pothole severity classification via computer vision/png/Scene 2/0115.png,1920,1080,Severe Pothole,1804,700,1903,867
/Users/SalehPC/Downloads/Challenge Track 2_ Pothole severity classification via computer vision/png/Scene 2/0115.png,1920,1080,Minor Pothole,1053,842,1220,956
/Users/SalehPC/Downloads/Challenge Track 2_ Pothole severity classification via computer vision/png/Scene 2/0115.png,1920,1080,Minor Pothole,1465,952,1675,1070
/Users/SalehPC/Downloads/Challenge Track 2_ Pothole severity classification via computer vision/png/Scene 2/0115.png,1920,1080,Minor Pothole,1320,704,1515,840
/Users/SalehPC/Downloads/Challenge Track 2_ Pothole severity classification via computer vision/png/Scene 2/0115.png,1920,1080,Severe Pothole,965,588,1150,691
/Users/SalehPC/Downloads/Challenge Track 2_ Pothole severity classification via computer vision/png/Scene 2/0116.png,1920,1080,Severe Pothole,1029,721,1193,802
/Users/SalehPC/Downloads/Challenge Track 2_ Pothole severity classification via computer vision/png/Scene 2/0117.png,1920,1080,Severe Pothole,1080,808,1293,1024
/Users/SalehPC/Downloads/Challenge Track 2_ Pothole severity classification via computer vision/png/Scene 2/0126.png,1920,1080,Moderate Pothole,314,545,460,621
/Users/SalehPC/Downloads/Challenge Track 2_ Pothole severity classification via computer vision/png/Scene 2/0127.png,1920,1080,Moderate Pothole,206,601,384,681
/Users/SalehPC/Downloads/Challenge Track 2_ Pothole severity classification via computer vision/png/Scene 2/0128.png,1920,1080,Moderate Pothole,2,672,199,800
/Users/SalehPC/Downloads/Challenge Track 2_ Pothole severity classification via computer vision/png/Scene 2/0129.png,1920,1080,Minor Pothole,934,585,981,655
/Users/SalehPC/Downloads/Challenge Track 2_ Pothole severity classification via computer vision/png/Scene 2/0130.png,1920,1080,Minor Pothole,880,666,1030,764
/Users/SalehPC/Downloads/Challenge Track 2_ Pothole severity classification via computer vision/png/Scene 2/0131.png,1920,1080,Minor Pothole,924,788,1047,999
/Users/SalehPC/Downloads/Challenge Track 2_ Pothole severity classification via computer vision/png/Scene 2/0132.png,1920,1080,Severe Pothole,310,502,477,558
/Users/SalehPC/Downloads/Challenge Track 2_ Pothole severity classification via computer vision/png/Scene 2/0133.png,1920,1080,Severe Pothole,346,422,521,477
/Users/SalehPC/Downloads/Challenge Track 2_ Pothole severity classification via computer vision/png/Scene 2/0133.png,1920,1080,Severe Pothole,626,515,751,574
/Users/SalehPC/Downloads/Challenge Track 2_ Pothole severity classification via computer vision/png/Scene 2/0133.png,1920,1080,Severe Pothole,158,532,355,630
/Users/SalehPC/Downloads/Challenge Track 2_ Pothole severity classification via computer vision/png/Scene 2/0134.png,1920,1080,Severe Pothole,284,432,514,507
/Users/SalehPC/Downloads/Challenge Track 2_ Pothole severity classification via computer vision/png/Scene 2/0134.png,1920,1080,Severe Pothole,548,531,677,622
/Users/SalehPC/Downloads/Challenge Track 2_ Pothole severity classification via computer vision/png/Scene 2/0134.png,1920,1080,Severe Pothole,58,583,231,672
/Users/SalehPC/Downloads/Challenge Track 2_ Pothole severity classification via computer vision/png/Scene 2/0135.png,1920,1080,Severe Pothole,226,432,491,523
/Users/SalehPC/Downloads/Challenge Track 2_ Pothole severity classification via computer vision/png/Scene 2/0135.png,1920,1080,Severe Pothole,466,605,598,645
/Users/SalehPC/Downloads/Challenge Track 2_ Pothole severity classification via computer vision/png/Scene 2/0136.png,1920,1080,Severe Pothole,121,417,465,528
/Users/SalehPC/Downloads/Challenge Track 2_ Pothole severity classification via computer vision/png/Scene 2/0136.png,1920,1080,Severe Pothole,260,646,492,749
/Users/SalehPC/Downloads/Challenge Track 2_ Pothole severity classification via computer vision/png/Scene 2/0137.png,1920,1080,Severe Pothole,59,425,415,548
/Users/SalehPC/Downloads/Challenge Track 2_ Pothole severity classification via computer vision/png/Scene 2/0137.png,1920,1080,Severe Pothole,58,713,318,921
/Users/SalehPC/Downloads/Challenge Track 2_ Pothole severity classification via computer vision/png/Scene 2/0138.png,1920,1080,Severe Pothole,13,442,316,641
/Users/SalehPC/Downloads/Challenge Track 2_ Pothole severity classification via computer vision/png/Scene 2/0139.png,1920,1080,Severe Pothole,97,463,238,541
/Users/SalehPC/Downloads/Challenge Track 2_ Pothole severity classification via computer vision/png/Scene 2/0144.png,1920,1080,Moderate Pothole,989,552,1107,609
/Users/SalehPC/Downloads/Challenge Track 2_ Pothole severity classification via computer vision/png/Scene 2/0145.png,1920,1080,Moderate Pothole,1031,628,1117,691
/Users/SalehPC/Downloads/Challenge Track 2_ Pothole severity classification via computer vision/png/Scene 2/0146.png,1920,1080,Moderate Pothole,1065,762,1177,854
/Users/SalehPC/Downloads/Challenge Track 2_ Pothole severity classification via computer vision/png/Scene 2/0147.png,1920,1080,Moderate Pothole,1094,994,1332,1078
/Users/SalehPC/Downloads/Challenge Track 2_ Pothole severity classification via computer vision/png/Scene 2/0151.png,1920,1080,Moderate Pothole,669,514,805,579
/Users/SalehPC/Downloads/Challenge Track 2_ Pothole severity classification via computer vision/png/Scene 2/0151.png,1920,1080,Moderate Pothole,565,530,653,583
/Users/SalehPC/Downloads/Challenge Track 2_ Pothole severity classification via computer vision/png/Scene 2/0152.png,1920,1080,Moderate Pothole,612,555,731,630
/Users/SalehPC/Downloads/Challenge Track 2_ Pothole severity classification via computer vision/png/Scene 2/0152.png,1920,1080,Moderate Pothole,495,569,585,635
/Users/SalehPC/Downloads/Challenge Track 2_ Pothole severity classification via computer vision/png/Scene 2/0153.png,1920,1080,Moderate Pothole,562,596,697,666
/Users/SalehPC/Downloads/Challenge Track 2_ Pothole severity classification via computer vision/png/Scene 2/0153.png,1920,1080,Moderate Pothole,497,648,630,714
/Users/SalehPC/Downloads/Challenge Track 2_ Pothole severity classification via computer vision/png/Scene 2/0153.png,1920,1080,Moderate Pothole,340,670,490,731
/Users/SalehPC/Downloads/Challenge Track 2_ Pothole severity classification via computer vision/png/Scene 2/0154.png,1920,1080,Moderate Pothole,376,699,575,824
/Users/SalehPC/Downloads/Challenge Track 2_ Pothole severity classification via computer vision/png/Scene 2/0154.png,1920,1080,Moderate Pothole,235,802,438,946
/Users/SalehPC/Downloads/Challenge Track 2_ Pothole severity classification via computer vision/png/Scene 2/0154.png,1920,1080,Moderate Pothole,5,811,216,939
/Users/SalehPC/Downloads/Challenge Track 2_ Pothole severity classification via computer vision/png/Scene 2/0155.png,1920,1080,Moderate Pothole,52,907,293,1039
/Users/SalehPC/Downloads/Challenge Track 2_ Pothole severity classification via computer vision/png/Scene 2/0159.png,1920,1080,Minor Pothole,1049,700,1172,791
/Users/SalehPC/Downloads/Challenge Track 2_ Pothole severity classification via computer vision/png/Scene 2/0160.png,1920,1080,Minor Pothole,1100,1008,1239,1073
/Users/SalehPC/Downloads/Challenge Track 2_ Pothole severity classification via computer vision/png/Scene 2/0164.png,1920,1080,Moderate Pothole,753,461,825,508
/Users/SalehPC/Downloads/Challenge Track 2_ Pothole severity classification via computer vision/png/Scene 2/0165.png,1920,1080,Moderate Pothole,716,489,814,558
/Users/SalehPC/Downloads/Challenge Track 2_ Pothole severity classification via computer vision/png/Scene 2/0166.png,1920,1080,Moderate Pothole,665,536,757,585
/Users/SalehPC/Downloads/Challenge Track 2_ Pothole severity classification via computer vision/png/Scene 2/0167.png,1920,1080,Moderate Pothole,572,568,733,675
/Users/SalehPC/Downloads/Challenge Track 2_ Pothole severity classification via computer vision/png/Scene 2/0168.png,1920,1080,Moderate Pothole,358,652,594,790
/Users/SalehPC/Downloads/Challenge Track 2_ Pothole severity classification via computer vision/png/Scene 2/0169.png,1920,1080,Moderate Pothole,37,852,319,1075